transaction_id,shard_id,status,is_cross_shard,latency,value,gas_price,gas_limit,source_shard,target_shard
20778a71-b5f5-4e1a-8d8a-449734a37f38,0,processed,True,-1,331.7750472832,1.0,44440,0,1
d1ecf328-a88f-4b2e-94ee-14bf2ad1dae5,0,processed,True,-1,69.68518991734014,1.0,49192,0,2
c7da2639-ccef-46fd-802d-3b7cbaa6cf8a,0,processed,True,-1,12.268203532681493,1.0,31328,0,1
2af34874-ef0a-4f34-995d-074ffb4433cd,0,processed,True,-1,169.44856809175997,1.0,52357,0,1
73d22ce2-8e50-4dca-81f9-6131204acc85,0,processed,True,-1,37.62446169355741,1.0,46985,0,2
1cd13f8a-d3e8-4147-a971-b6df75f54003,0,processed,True,-1,142.59872239791818,1.0,52604,0,3
5e429c1d-c7e6-4675-aead-9ae3fbe4c231,0,processed,True,-1,87.64557759843949,1.0,64187,0,1
3f620c06-3caf-4748-9917-7a2a5856daad,0,processed,True,-1,237.75812849746964,1.0,45688,0,1
83dcdac1-75ba-4e64-bc55-f1b479a39d5d,0,processed,True,-1,136.73176591642658,1.0,29584,0,2
c2642665-fe44-4823-a860-c49220d3e8cc,0,processed,True,-1,256.11811074959905,1.0,55502,0,3
87201da4-7551-4bca-8c26-794798418351,0,processed,True,-1,176.49939705279823,1.0,26164,0,2
8f582bcd-8e5a-4257-a7f8-c321f6339bc8,0,processed,True,-1,74.77627741980018,1.0,65648,0,3
4e074854-2994-4186-b836-f9ce0ef2b884,0,processed,True,-1,35.80069543362964,1.0,34237,0,2
ea41c10a-7076-4ebd-86a9-b9ec0823f3a6,0,processed,True,-1,171.4992116568743,1.0,34615,0,3
ece47db6-7ef7-4e83-b9b7-3d7088f2fad7,0,processed,True,-1,17.317061890845622,1.0,65412,0,2
5b751acb-2760-48dd-a346-3608a37c9f35,0,processed,True,-1,83.68475289698146,1.0,26748,0,2
900952da-7989-44f4-84d6-b0e2c92677a3,0,processed,True,-1,97.94192394815401,1.0,34304,0,1
e706f679-17b0-4a5b-bfab-a0946ca7f858,0,processed,True,-1,322.44551870602453,1.0,68211,0,2
56293ddc-4a94-4d78-bd4c-0757ecc1f7c5,0,processed,True,-1,9.414477481444061,1.0,30965,0,2
e88dd447-7fb2-4454-be9b-1c34cb315c80,0,processed,True,-1,341.804883547522,1.0,53703,0,2
81105445-0a24-417d-a4b6-28f68c46cdb3,0,processed,True,-1,44.15752049000673,1.0,50015,0,2
e6925c7d-f8af-4845-86ff-0477b603ffbe,0,processed,True,-1,211.33958529227357,1.0,58982,0,1
20f859d9-5eba-4e86-894a-2bbbcd160b1e,0,processed,True,-1,89.46985562768701,1.0,66830,0,2
5326e605-6bfe-4a43-a605-0890e6740293,0,processed,True,-1,65.74034942246638,1.0,32031,0,3
2b498e55-7aa2-40ed-b275-f14cfd6c4ae7,0,processed,True,-1,240.73731481837513,1.0,63945,0,1
0366542c-22fb-4305-9f56-15c825008f0a,0,processed,True,-1,160.25285789035746,1.0,39565,0,1
8e0d14fd-3db3-4e07-935c-cc3ca05c29d1,0,processed,True,-1,342.9971900898373,1.0,61272,0,3
0ba6743d-9edb-425a-9364-af0158df3e8f,0,processed,True,-1,149.50823239500127,1.0,21305,0,1
14e07842-3525-4cd3-979a-157306fd4c4b,0,processed,True,-1,14.408307139727397,1.0,36151,0,2
4db68c87-6cf0-4de4-95c8-5f488019f910,0,processed,True,-1,155.84951002388198,1.0,67732,0,3
21830715-3b1a-44dc-a099-35f7d2cb8b47,0,processed,True,-1,231.1167223430333,1.0,22406,0,1
d777035a-e3f3-4663-bf88-8438f358ad8b,0,processed,True,-1,152.30087551071873,1.0,43302,0,3
376b1840-8cd3-4c46-a806-06e050225069,0,processed,True,-1,109.30002332023663,1.0,44495,0,2
fe232bed-6973-413c-9f6e-57001a3e0add,0,processed,True,-1,14.01070775503904,1.0,34324,0,3
693ec30d-3694-4150-8a5c-c2ad3486d930,0,processed,True,-1,25.645209138763402,1.0,39465,0,3
08be5341-3b9b-44d7-be8c-92edecd39e63,0,processed,True,-1,90.09254464239062,1.0,55525,0,2
6652bb86-dcb4-4237-92e6-3393a8e69876,0,processed,True,-1,34.882910380649896,1.0,56595,0,3
d4b61b2c-7d92-468e-be3e-4213476efe71,0,processed,True,-1,115.94747675892457,1.0,35590,0,1
a6133f6f-dc1e-4b41-b377-579f21112b8a,0,processed,True,-1,153.60395631083122,1.0,35381,0,3
e8bd392f-db0a-4b0f-8c97-a1a6d52033c8,0,processed,True,-1,80.41579346886881,1.0,43700,0,1
c3b8c324-33c0-475b-b7fc-da76318082e2,0,processed,True,-1,26.514614558046162,1.0,66435,0,2
e172d1e2-3f39-4578-bfc3-67695a039ed6,0,processed,True,-1,170.1677551116201,1.0,50895,0,1
02006266-2c47-4f43-9012-b379ef648f7b,0,processed,True,-1,195.54326681753977,1.0,31223,0,3
0fdd1c0a-0d53-41c0-9d5e-267cb8728127,0,processed,True,-1,3.2400988548557166,1.0,31508,0,3
f81a4f5a-622a-40d1-bc6f-8e48146d479e,0,processed,True,-1,45.65430145470407,1.0,39589,0,2
d46a9bb8-6f9d-448d-ad05-bc3407fd0136,0,processed,True,-1,6.931992160070252,1.0,38097,0,2
6f3f77ba-08af-4816-96df-afec45429010,0,processed,True,-1,165.76937862486253,1.0,29937,0,1
0f1a61f4-5bf5-463a-8728-6d58617ca072,0,processed,True,-1,28.44663497157572,1.0,50888,0,2
67025f51-2831-4153-9f12-6e7668a31346,0,processed,True,-1,482.4582068502276,1.0,54608,0,2
54b27b57-e6fa-47ec-8247-4e1cd02da0ce,0,processed,True,-1,96.83056002801248,1.0,58783,0,2
476f819a-509c-4fbd-9b76-41491ee2d1a8,0,processed,True,-1,239.79133936447133,1.0,46245,0,3
11646c02-9032-468b-aed4-e088f4243ba2,0,processed,True,-1,207.73541325827242,1.0,46543,0,1
9fadab96-18a4-4f1a-9f93-02ec255e8e99,0,processed,True,-1,19.6621718498028,1.0,41385,0,1
160d8e5c-7c00-48b0-9554-b8c2b5a8295d,0,processed,True,-1,197.4933288400181,1.0,48121,0,3
abdf7570-90ba-477a-a7fa-0b79152b6b70,0,processed,True,-1,17.89467400340707,1.0,41792,0,2
9ba400cf-21ee-4b38-9aec-4487b360e7ad,0,processed,True,-1,9.447239972573797,1.0,25530,0,2
3394bfb6-dd9f-4110-b904-f31c18b2329d,0,processed,True,-1,166.48324841579318,1.0,66750,0,3
e73d23c0-13b1-48a3-810d-1bace362c39e,0,processed,True,-1,2.4586071687684465,1.0,26534,0,1
378d9a5f-177f-4054-b4e6-80b29c76e507,0,processed,True,-1,161.40196684375388,1.0,26828,0,2
d6954551-10ea-4fd2-925c-f4b0c5a849f4,0,processed,True,-1,29.513118572610463,1.0,33646,0,3
3488d475-c83d-44cc-844f-751005cbf718,0,processed,True,-1,345.967667318352,1.0,65702,0,2
50fba41c-d3dd-46a1-acb5-8389658ebb00,0,processed,True,-1,6.24517419162282,1.0,46580,0,3
5e00fd36-906e-4c87-869d-1c096f169e06,0,processed,True,-1,76.02305356115029,1.0,21798,0,1
5ffafc2b-c9bd-48c1-b322-cae1a885ce87,0,processed,True,-1,20.760250636095158,1.0,42131,0,2
88868455-7f01-414b-9105-e73c57674dd1,0,processed,True,-1,302.15952017071686,1.0,62556,0,1
bfc67e01-7ecf-4bfb-ad00-7fd34c54aa8a,0,processed,True,-1,407.62434912313444,1.0,27116,0,2
2b424941-7404-4bcf-ae83-55b81aa9b668,0,processed,True,-1,263.1547743993479,1.0,54492,0,1
a967d24f-343f-4aa7-8adc-08d8fd5830aa,0,processed,True,-1,18.13079956472822,1.0,53922,0,1
c65babd3-8e95-4b78-9d65-68257204e49f,0,processed,True,-1,67.03038217917515,1.0,41093,0,1
eebfc19e-e16b-4f6f-be36-8949bb4367ca,0,processed,True,-1,14.093483394247333,1.0,34138,0,3
321cc5c3-7ca3-4579-8542-0ac9eede2da1,0,processed,True,-1,123.4032324810878,1.0,25601,0,2
80c86bff-4475-4356-8654-3567d617407f,0,processed,True,-1,57.75854715236136,1.0,24735,0,3
6808673a-40a1-45e8-8e5d-de2d4ac7916c,0,processed,True,-1,314.5258744481783,1.0,56545,0,2
51d41acc-1762-4d27-a629-252b76373174,0,processed,True,-1,133.83211054699902,1.0,58034,0,1
950f99c5-be8f-441e-abf0-be2b82baa5c4,0,processed,True,-1,152.57392274952576,1.0,44454,0,3
3bd2f3a9-231e-496a-84bf-b708d59ccdb2,0,processed,True,-1,111.35363673239289,1.0,34622,0,3
3659a174-24e4-4197-bc5f-01c8325c682f,0,processed,True,-1,117.96172679138533,1.0,58236,0,1
d42ed2e0-e1c3-4492-9469-3a8b5b553e94,0,processed,True,-1,111.0339452938602,1.0,68057,0,1
ffbc2b63-c4af-45bf-a908-0efa24174abe,0,processed,True,-1,205.36626409764202,1.0,49509,0,1
b2b64095-7894-43db-b2fe-b1eed1eccfd2,0,processed,True,-1,27.716794798264953,1.0,62016,0,1
ff2641d7-bbdc-456d-9452-c573f5d3979d,0,processed,True,-1,255.52373930555268,1.0,66357,0,2
641242c1-b99d-4dee-a101-1d1b57d419d3,0,processed,True,-1,36.18957337795995,1.0,33174,0,2
02243507-3893-4902-957b-01f37fadb96c,0,processed,True,-1,36.09386747970573,1.0,65621,0,2
a400e44a-f257-4450-be03-9b5ff577f9ac,0,processed,True,-1,80.22992137368703,1.0,61313,0,3
64164065-d490-4978-8b0e-2e587e069bb4,0,processed,True,-1,19.022076122279056,1.0,22463,0,1
d23aa908-d427-48f4-8a7d-efac95610573,0,processed,True,-1,73.80662438076874,1.0,68568,0,3
3ca3dee4-3565-4349-8e15-74cf25c0642a,0,processed,True,-1,50.382306073280525,1.0,35967,0,1
b86b24db-6d93-45ba-8c30-e78eab16da44,0,processed,True,-1,37.92310670109717,1.0,56954,0,3
7cd8bf62-6545-455f-9fe4-23cb2867c7f3,0,processed,True,-1,16.57448733580361,1.0,28923,0,2
ee15059c-407f-40b5-abb3-b65a8db5ed00,0,processed,True,-1,12.62100458736044,1.0,58941,0,1
a1229122-48e1-4f1a-b8a9-03c3f3044d9f,0,processed,True,-1,201.45279306062932,1.0,51624,0,1
c5307682-f8a1-481e-a12e-ba7c8f008ec9,0,processed,True,-1,130.0329586406055,1.0,63524,0,2
ae52eada-bc30-480e-a3db-4cc3f39606d6,0,processed,True,-1,77.58147280501532,1.0,57770,0,2
dd6334a7-69de-4148-8203-f7f39c01b33c,0,processed,True,-1,523.8681182001482,1.0,31730,0,2
cc8fc246-efbe-4786-b069-cee8a3d8b97d,0,processed,True,-1,0.2748119300357513,1.0,60419,0,3
382a38d6-36b1-4aba-ac19-22ca693f5792,0,processed,True,-1,116.22458235956414,1.0,57972,0,2
7f864022-6896-47a3-b7db-fb09cb813f5b,0,processed,True,-1,158.19534524233893,1.0,59514,0,3
fb0208ed-c0b0-46fe-9935-2d1e25aeb9ce,0,processed,True,-1,165.95408805713174,1.0,28942,0,2
2c317d11-0077-48c4-85ac-859c6b783308,0,processed,True,-1,127.51435113363418,1.0,70661,0,1
3b007794-c8cb-4c00-a327-a812a942fd74,0,processed,True,-1,20.26568012243311,1.0,34548,0,3
b8d6d08d-e3a9-4de4-a3e4-33f7a3687f6a,0,processed,True,-1,61.558222285247325,1.0,26562,0,1
6a3d262e-d78b-41ad-8361-a61c59869d10,0,processed,True,-1,149.17558215045153,1.0,38899,0,3
34c1e74f-4e57-4100-89a2-1c4cc02b1529,0,processed,True,-1,21.479732859649594,1.0,37346,0,3
749309e0-c436-4e9f-b574-83c613fc1d16,0,processed,True,-1,10.774830125434638,1.0,25699,0,2
c2909668-7918-4a89-8196-7cd3d7a99652,0,processed,True,-1,37.99915691294359,1.0,53633,0,3
c350df7e-ed7e-4ee2-9041-30a5faf9ad79,0,processed,True,-1,1.4376787409854574,1.0,34572,0,3
b39bf215-b77d-4d75-bfad-748b9e20810c,0,processed,True,-1,258.24827579516017,1.0,56031,0,1
a6e47dae-15c5-4592-9695-43a11d4b12f5,0,processed,True,-1,129.23197566133035,1.0,23533,0,2
6af9a391-950c-441c-88c7-150a80b31ddc,0,processed,True,-1,184.41612536202544,1.0,51805,0,1
8ebfc3d1-57c6-4e90-8605-a0b8b44eb791,0,processed,True,-1,131.43891777432157,1.0,47753,0,3
1f2325c1-a311-4a5c-874c-33b2f640c99f,0,processed,True,-1,33.863362505984064,1.0,69685,0,1
a200d5cf-70f2-4351-aee6-ec63ab96ebe7,0,processed,True,-1,270.8829820879175,1.0,56911,0,3
bc292db5-c0ac-4e80-83fa-121e4c134866,0,processed,True,-1,8.128244322710405,1.0,54488,0,3
44b01298-63d9-4827-9932-7b908f1dfd21,0,processed,True,-1,496.60920324029973,1.0,52325,0,1
44c1840a-4b68-4c1e-a0d7-dbdf66a0392b,0,processed,True,-1,285.93467253389286,1.0,22772,0,2
fd9a4840-c008-4d3f-b657-10ea1a908e19,0,processed,True,-1,16.222915902094712,1.0,27828,0,3
383fc039-980c-46a1-8938-c6276b83ee7a,0,processed,True,-1,98.61848468346551,1.0,60939,0,2
b7f3a931-d5b0-4307-b3ee-fc0b07707aee,0,processed,True,-1,0.8766882485591938,1.0,64733,0,2
fb5b2e99-52e6-4c40-987e-aa788dfde02a,0,processed,True,-1,8.785385472754385,1.0,27433,0,1
f3542e18-3c44-41df-af4e-389ddb0c5c73,0,processed,True,-1,15.52712719885336,1.0,28173,0,2
b7dc1761-1087-49c2-9627-7225cb11c412,0,processed,True,-1,233.9231828355901,1.0,24190,0,3
910abe2b-7ee9-45c5-ab82-da20a4b1387f,0,processed,True,-1,0.11023289206173793,1.0,35476,0,1
d141afe1-8707-4c43-aeca-a4490cddbfc8,0,processed,True,-1,43.14863885591188,1.0,61111,0,3
93eb3e46-8ae1-487c-afba-2bcb43540f42,0,processed,True,-1,15.89972015730758,1.0,32178,0,3
164719c3-de04-4391-b26b-7430324c7a36,0,processed,True,-1,11.16821026245574,1.0,49470,0,1
8697f920-859e-460d-91aa-deccb5a31624,0,processed,True,-1,229.45075111898709,1.0,43235,0,3
567ee486-39c9-458f-9952-754692d7543e,0,processed,True,-1,73.74596955408052,1.0,44303,0,1
dacc3d5d-f2fd-46be-a694-4425eb00dfb3,0,processed,True,-1,72.37688499569975,1.0,41602,0,3
f279be8c-d1ae-4e1a-8167-85849c953000,0,processed,True,-1,658.7831940951432,1.0,67382,0,3
ded1fc1c-c740-4b8f-ad88-2cd5f9733043,0,processed,True,-1,175.36898749484345,1.0,27095,0,2
34f6c279-b1d0-4aca-a40c-ad4c8b785826,0,processed,True,-1,20.401692575237877,1.0,59299,0,3
15f57195-94c8-4479-ade7-e5b72e85a829,0,processed,True,-1,9.011743749039116,1.0,38447,0,2
ac1de2f9-601c-43e4-8bfa-8303e889b8e8,0,processed,True,-1,231.34229769298975,1.0,31851,0,3
513cb286-4b2f-4f76-9e1a-c2223542801e,0,processed,True,-1,11.532037436461101,1.0,62286,0,3
025de874-f10d-4239-b152-62c97c06c5ee,0,processed,True,-1,89.15428014837269,1.0,34298,0,1
e1ba03a0-fda3-4377-a09d-16caece84f26,0,processed,True,-1,11.64059795853204,1.0,42728,0,3
991a2ec1-1d56-45d2-8fe0-d837c533c70b,0,processed,True,-1,34.22155111821616,1.0,56910,0,2
fd50483e-a41b-4fca-bd06-c880c8aab901,0,processed,True,-1,51.08083152046444,1.0,47204,0,3
31fe51c4-c932-4c92-922d-7a60be539d6d,0,processed,True,-1,6.445938409516949,1.0,21010,0,2
7f1fdf65-c030-4fa3-b2d1-45476b5bc4c8,0,processed,True,-1,44.31587113635824,1.0,25252,0,3
27115a07-c6bb-496d-8c24-b25d581207d4,0,processed,True,-1,7.26287130083273,1.0,38886,0,2
c97409df-679f-4884-aa70-7bb16966d583,0,processed,True,-1,71.88946583767688,1.0,56705,0,2
f559864c-1690-4129-923b-825e8b266294,0,processed,True,-1,70.76188718781616,1.0,61446,0,2
71623a4d-0e50-4ad7-98fd-90fa94315fc3,0,processed,True,-1,27.320869178964085,1.0,64990,0,2
1059a8fc-ec80-4966-83db-9416d3ee6a87,0,processed,True,-1,56.81991875975545,1.0,27639,0,3
1f73a5b7-36a8-4633-918d-6a4c8ffb719d,0,processed,True,-1,15.105876210047645,1.0,56839,0,3
0e254c6c-0e7a-4d2e-9eda-d06f634dbdf6,0,processed,True,-1,40.37515249317954,1.0,22597,0,3
8f694615-a322-4569-89e9-ceafd764bc4e,0,processed,True,-1,105.27384436999697,1.0,68495,0,2
b689cd59-d3cc-471e-a985-d42e22425e3d,0,processed,True,-1,209.89561232711722,1.0,35090,0,1
c7afd7fd-4c82-4c57-bb73-c57307d12bd9,0,processed,True,-1,194.1583700938174,1.0,51918,0,2
b889bdcf-7f50-4b90-a0b3-94d0e399187c,0,processed,True,-1,133.17633638047215,1.0,61342,0,3
b2ce4cba-c068-4010-8f55-9c494f284f51,0,processed,True,-1,25.411386523874047,1.0,57125,0,3
f92f779d-40e0-4f9e-a683-fc368a9b224b,0,processed,True,-1,47.556808344490356,1.0,37343,0,1
8c77ba4b-5f51-42d2-8005-2ddc9e3b47e7,0,processed,True,-1,80.83661435682293,1.0,38717,0,2
f4b35542-7e46-45ba-96ec-159aed010b2e,0,processed,True,-1,228.02578395085416,1.0,59522,0,3
e8f84234-380e-4765-9325-bc63861ae106,0,processed,True,-1,52.27616973548375,1.0,50613,0,2
740daf22-6626-4ae1-b634-6e6a9336d5e4,0,processed,True,-1,0.7582934998121166,1.0,40773,0,2
e0069791-7f8a-4da4-be87-fcd13da1e088,0,processed,True,-1,23.73532466222801,1.0,25513,0,3
1b4b038c-2566-4b57-99a9-644f8b7034c3,0,processed,True,-1,42.85229108192781,1.0,30944,0,2
a1188b02-3f7e-4819-be0b-f85c5f1058b1,0,processed,True,-1,177.79820179723026,1.0,69770,0,3
08a72580-f39a-4515-82af-908eeb187de8,0,processed,True,-1,246.16934871751593,1.0,21360,0,1
a767d813-2099-46f7-8f83-bc4705733366,0,processed,True,-1,9.290465589102734,1.0,51742,0,3
351efeac-6df4-46bd-9d5f-e7505d285bb5,0,processed,True,-1,249.2557659900784,1.0,49518,0,3
4c5d3e69-2353-4f94-b7d6-026f99a7b658,0,processed,True,-1,25.810702554878368,1.0,55408,0,1
37846829-5458-4775-a707-14842787615a,0,processed,True,-1,151.52637058294667,1.0,65811,0,2
c3115bb2-f657-4cd6-a162-333ca7c2c77e,0,processed,True,-1,25.535486577540013,1.0,62923,0,2
28acf5cd-61ce-4c84-890f-4290a5a19e6e,0,processed,True,-1,75.4518644752875,1.0,41577,0,1
a55da210-931f-4d8e-843b-870c2386d588,0,processed,True,-1,159.8891370634901,1.0,38698,0,2
f5b59b55-037e-46b5-817d-4154913b2743,0,processed,True,-1,9.780013192220252,1.0,34088,0,1
d5c6ae96-91e9-4940-bde3-36faa2fa6ba2,0,processed,True,-1,32.502707894105676,1.0,21824,0,1
d26a32f8-0541-4352-881c-cc3b9efafa22,0,processed,True,-1,58.19969183155147,1.0,28962,0,1
2c05c93f-9074-4325-bb87-9fd9c858d1bc,0,processed,True,-1,46.22814846665895,1.0,41678,0,1
cfc554f4-5e80-4b70-bc2a-9e76e9c5821f,0,processed,True,-1,43.13069422099672,1.0,55503,0,2
ba1d75fa-69db-42d2-93d3-83fb73e6b16e,0,processed,True,-1,106.91620551184128,1.0,44465,0,1
ba47842f-c36b-4051-9022-b49f2e5700ab,0,processed,True,-1,13.612914814596284,1.0,69874,0,3
690e7d9a-76aa-478b-9794-7ff65a5eec49,0,processed,True,-1,206.76196165384644,1.0,43696,0,2
8b90fcc1-2c7a-4c64-9ae0-1b38f3570eaf,0,processed,True,-1,134.96068737297148,1.0,41013,0,1
487da129-c8af-4a34-9cd1-406d13ac2d38,0,processed,True,-1,170.5151778201727,1.0,62779,0,1
e9ea8371-7960-45b2-9bd0-8397713404a3,0,processed,True,-1,249.67305432000555,1.0,41533,0,2
4f7f454f-2b2a-4762-8620-8324926249ca,0,processed,True,-1,276.7321012657524,1.0,70780,0,3
7d0f17fd-c5ea-421b-84ba-8bba1d42509f,0,processed,True,-1,49.41876483447662,1.0,52572,0,2
cf0e5b73-9ba1-4da2-a2b3-6cb1fcebe905,0,processed,True,-1,92.85422277434611,1.0,34001,0,3
d4dc5cd9-3bb0-46af-ade7-c8377a041481,0,processed,True,-1,32.96767569212332,1.0,23196,0,1
054601b1-a5fa-460e-8911-684c1baa56ec,0,processed,True,-1,20.73560052446652,1.0,34219,0,1
cf126b59-c2f4-4699-b9b1-a0e857f71dc2,0,processed,True,-1,341.817531864437,1.0,27456,0,1
49ee4eca-bc08-4fe2-bbd1-e925f456ee6c,0,processed,True,-1,461.5200420968624,1.0,33593,0,3
a0c7aa4c-3250-4025-8446-cff8bed14a5b,0,processed,True,-1,90.97469515247343,1.0,67073,0,1
ac62e8cf-d803-4ff0-8c74-657872e8cf61,0,processed,True,-1,17.13448068885091,1.0,66401,0,1
c7ea1be9-cd76-434b-b616-fe58cb9e0208,0,processed,True,-1,130.64236199840624,1.0,65416,0,3
b8bcff58-5788-4e76-bc8c-becd32319ca3,0,processed,True,-1,67.93595683808265,1.0,49387,0,3
e6b20a02-68fd-415f-8977-3ef26e228122,0,processed,True,-1,8.662189308005008,1.0,35226,0,1
3e8346ec-8dd5-41dc-ae02-ccf25ac641ab,0,processed,True,-1,112.89931833487192,1.0,35846,0,2
d76b8bea-dbc5-49e5-bff4-f02dff406536,0,processed,True,-1,165.85993583909467,1.0,65508,0,3
c084c174-176b-4faa-8b3d-c463097d7d56,0,processed,True,-1,10.052538004034725,1.0,39169,0,1
a5c47f07-1aab-4c85-8bf5-1e5bd1bd12e3,0,processed,True,-1,15.751225784850039,1.0,63619,0,2
100ca2f9-28c6-4d42-ac9a-6e2f64c2cae2,0,processed,True,-1,52.36735907253494,1.0,50826,0,2
75407d52-36c0-47fc-9eeb-a6cbd4601fb2,0,processed,True,-1,167.90298327251676,1.0,40389,0,2
7cc7f06d-79e9-423d-afd1-d718a27e8818,0,processed,True,-1,49.92968672893978,1.0,36764,0,2
1d529520-32de-48cd-b64e-776b28b1ebc1,0,processed,True,-1,403.2283236093939,1.0,50664,0,2
5e33044c-49aa-4529-b148-6319f7035016,0,processed,True,-1,48.02355447070909,1.0,43170,0,1
53f2ae94-e76f-4078-95ba-9bf412a69667,0,processed,True,-1,312.62909642828663,1.0,37367,0,3
72b6680a-9afa-4f49-b57d-d010000f6efc,0,processed,True,-1,78.38918600443188,1.0,56521,0,1
6586d231-f5b5-4713-ad11-f80f12cb59a1,0,processed,True,-1,11.088403254307003,1.0,24919,0,3
ce1480d3-11d9-4a56-8f56-655ca06798a1,0,processed,True,-1,33.11040873206147,1.0,65454,0,2
cd1d6f62-fa08-42f9-b13e-750a1132a45d,0,processed,True,-1,128.950050430178,1.0,30738,0,2
f8cb622e-b061-4719-aae2-c3e73f353b9c,0,processed,True,-1,92.10204946776315,1.0,40590,0,3
9869e497-70c6-484d-96c8-55bf355d7c61,0,processed,True,-1,88.66806537789674,1.0,67164,0,1
730b0575-2aa2-47f0-825c-907dc4fed721,0,processed,True,-1,37.342736874423075,1.0,29168,0,1
f6e079ed-aab8-40b3-a150-3c8a29013295,0,processed,True,-1,205.76885306620366,1.0,28069,0,1
1bea10ba-2aeb-4964-ba53-ddb007c113a3,0,processed,True,-1,12.782326999070918,1.0,64627,0,1
bea33592-ffb4-4ca8-bf4a-6be6fc193e3f,0,processed,True,-1,254.13286847447384,1.0,70632,0,2
48c11c0d-06c9-4182-8aa3-19a62b7c3954,0,processed,True,-1,81.03917599434784,1.0,52686,0,1
ad2717ef-7dc1-455b-bbf4-35edc8b902ae,0,processed,True,-1,101.66084287771046,1.0,56502,0,3
00aa93d3-31d8-43af-a040-c6440f69ad69,0,processed,True,-1,42.52126111519786,1.0,33734,0,3
390160bf-7917-4a39-bca3-191c3eb8bd7f,0,processed,True,-1,42.27275831588177,1.0,35904,0,3
f58f717d-0d28-47a8-97c0-c5d9eb4ae848,0,processed,True,-1,59.62433278776926,1.0,45984,0,2
1e9c247c-ee2a-4f38-80ad-662cffcc63c2,0,processed,True,-1,33.96039355685521,1.0,42524,0,1
b34aed5d-9bf8-4b9d-adda-9832abd87c70,0,processed,True,-1,206.87237347228296,1.0,36712,0,2
10de8724-9823-4142-baae-d1ee4f98918c,0,processed,True,-1,94.66427775633605,1.0,30485,0,3
bc57a9ba-be10-4027-af9a-3efb33a04149,0,processed,True,-1,5.172658981250988,1.0,34723,0,2
e94bb53a-e1c8-4f86-b55f-0ccbf6a97dfa,0,processed,True,-1,47.47887651196427,1.0,52822,0,2
e2d9cde9-9516-48bb-bd7e-5e9290c8cdcb,0,processed,True,-1,217.4216149957273,1.0,50093,0,1
c6d6b3fb-e9b2-423b-9a03-4ea48d82ca2e,0,processed,True,-1,18.861972988753546,1.0,52243,0,2
32919107-5350-4f8f-8a45-0ded7721e38f,0,processed,True,-1,22.201313605201577,1.0,39858,0,3
c1847be4-a884-40bf-8d48-dbe3a7791fd3,0,processed,True,-1,64.52104081475566,1.0,65145,0,1
f2451052-b763-423c-816f-52a1e5f6cd57,0,processed,True,-1,47.51875454658438,1.0,54868,0,1
90ec0bc4-c13e-48d9-8e46-43075fc4c278,0,processed,True,-1,124.78076704716476,1.0,64412,0,3
a74d38db-d17f-490a-9422-e78cdc3807ee,0,processed,True,-1,6.969319312673673,1.0,31308,0,3
ef76dd4d-9fa9-447a-ab54-0e9001bbe7ed,0,processed,True,-1,39.425583779287486,1.0,56930,0,2
ce03403a-6863-4e2a-8851-3d0ef9694127,0,processed,True,-1,89.71157202905887,1.0,51393,0,1
5e0aca81-d8f2-44be-bb95-af430e9bdebe,0,processed,True,-1,70.16900417345221,1.0,45191,0,2
0b7b2177-7e27-45d2-849e-f7a7b3664c6a,0,processed,True,-1,302.4746064745854,1.0,56549,0,3
c5ea8613-7afa-4abd-b9df-f0152a34eb29,0,processed,True,-1,70.93761271748187,1.0,25037,0,2
b5a90595-1a8f-4130-adc6-591c967d701c,0,processed,True,-1,130.09848492918573,1.0,30401,0,1
1a1a702b-168f-4410-a241-697354e5121a,0,processed,True,-1,149.75174760703814,1.0,31279,0,1
e9ee0ce9-0f46-4e12-9eaa-b218c2412338,0,processed,True,-1,15.091006684349345,1.0,68507,0,1
bbf5cd7b-8ac0-47a3-9e34-3f6c0dac77a5,0,processed,True,-1,56.360484118825404,1.0,65002,0,2
77e92e87-a302-4231-8477-a432423927ab,0,processed,True,-1,66.7690182495099,1.0,30117,0,2
4a552115-dd9f-4955-9f12-d4ac09a507d4,0,processed,True,-1,548.3549857084603,1.0,43247,0,1
510c42b0-2e64-4912-bafe-906b5bb01cf6,0,processed,True,-1,84.48798825603366,1.0,35349,0,1
5c95b55e-f466-44c5-bced-e58090dd4821,0,processed,True,-1,116.1904528813698,1.0,31383,0,3
fdd553f0-ef81-4b4e-a88a-6ebcd2dd9521,0,processed,True,-1,17.63020333483107,1.0,34488,0,1
c21bde94-9d4d-400e-94a1-0e2a4fdf0700,0,processed,True,-1,77.59783842093941,1.0,68325,0,3
48b2c1de-7ed3-4ccd-967f-bf6867857e42,0,processed,True,-1,195.0454690393274,1.0,31721,0,2
cd3b9949-fb81-439e-abc3-885b2fab442a,0,processed,True,-1,191.79489867032237,1.0,55318,0,2
25d0f8cf-9dc5-4e77-9511-3e2f5ec79ea2,0,processed,True,-1,117.36921376655276,1.0,26177,0,1
0360b49a-434b-4f86-bfea-fe04f1f22d98,0,processed,True,-1,26.60816743267407,1.0,29417,0,3
038803c3-521c-49d4-a9fd-4687fae6792a,0,processed,True,-1,49.50736939616924,1.0,62152,0,1
d6b08742-ac65-4c3f-9193-f6d2afa9f332,0,processed,True,-1,55.07151913025113,1.0,70465,0,1
3a45d7bc-8fae-42a8-8425-5afce019f0f4,0,processed,True,-1,12.112577625277874,1.0,43985,0,2
40a2ec19-a12b-42f4-9131-a535dca0f638,0,processed,True,-1,37.534961820318,1.0,50470,0,1
636c9d53-7596-4b1e-aab2-f61047e4e06a,1,processed,True,-1,9.95045865796412,1.0,53324,1,0
7dc2fb5d-6445-4f5b-a510-7378d3cde2ac,1,processed,True,-1,46.377459483583834,1.0,57670,1,0
bcb72514-ce16-4a85-a058-dec370666ffc,1,processed,True,-1,490.35875097128525,1.0,68157,1,2
4e33186c-5967-4734-9ef1-7c462d2d1441,1,processed,True,-1,212.88905159415665,1.0,58191,1,2
32b0c5d5-68c6-4397-8532-35b7f1ae6c7f,1,processed,True,-1,63.27286751919684,1.0,33408,1,3
ee69a521-16db-42ba-9b2c-3156223b6b48,1,processed,True,-1,292.26586217705545,1.0,33235,1,0
93e3c771-c8ab-4d4b-b1b8-d4f2f8427820,1,processed,True,-1,77.30796735003005,1.0,42186,1,2
bf028831-1679-4266-8e78-4adc36dc8dde,1,processed,True,-1,27.822462510552825,1.0,61550,1,0
97d5b819-2502-4f2d-845f-da697cb2852c,1,processed,True,-1,165.87121936081837,1.0,31703,1,2
989546d6-9ddb-43ba-b507-9dc8921e089f,1,processed,True,-1,99.78615784375964,1.0,30400,1,2
be549d1a-a724-4324-a85a-fcddc3eeb5f2,1,processed,True,-1,27.85760210318407,1.0,62096,1,2
05445a74-37ba-496f-93d9-fe2f2911eaaf,1,processed,True,-1,190.89310724466088,1.0,23967,1,3
65a68f8c-db5a-412d-9a63-7ff60dd26812,1,processed,True,-1,48.873728927538906,1.0,38390,1,0
1d042502-02b6-4619-bc8d-5ca10287bde8,1,processed,True,-1,327.4232175024422,1.0,49824,1,0
5a855525-2b65-4d90-995e-c5d745babd4a,1,processed,True,-1,74.92225860225385,1.0,46479,1,0
d78e37f3-1721-4b91-aac6-e3cd91711b32,1,processed,True,-1,91.39798199604796,1.0,31131,1,3
bc5ace64-f7d7-41e9-b445-cf502365d66d,1,processed,True,-1,291.9915663402561,1.0,37804,1,2
6ba77b57-1d28-4d60-9d65-73148848f030,1,processed,True,-1,67.97563226390315,1.0,47145,1,2
73ea5c25-e368-4b96-b501-70f1f13176ee,1,processed,True,-1,59.764639138165265,1.0,34554,1,2
04f2eadd-6ae4-4f9c-a002-83120788c79e,1,processed,True,-1,23.804707549309185,1.0,50887,1,2
eebfdf8f-2579-4b3e-8dcd-0d407047a067,1,processed,True,-1,4.344462662680841,1.0,51378,1,3
e69e323c-da6a-405a-937b-a4ff29977fc2,1,processed,True,-1,40.180632714498664,1.0,53750,1,0
3f2e0f35-4655-42a9-965d-916c167fb459,1,processed,True,-1,177.62293629133296,1.0,26265,1,0
0c325a41-4944-445d-ae9d-adec89d47473,1,processed,True,-1,60.47195996837702,1.0,29212,1,2
cac5b926-629c-4100-96fa-6347ac823b74,1,processed,True,-1,154.7950125440294,1.0,36934,1,0
97c13a05-33d8-4d60-af4a-3fc2111649a6,1,processed,True,-1,0.788027251067894,1.0,49707,1,2
d7936396-60e6-47bc-8b23-86d3246cd82a,1,processed,True,-1,128.44510524710003,1.0,55158,1,0
c47daae5-0105-4f4f-93f8-966b02ab6d1b,1,processed,True,-1,39.76441596016863,1.0,50044,1,3
fbf769f8-e2c9-4142-8e38-599711777ceb,1,processed,True,-1,104.61090666590451,1.0,57149,1,0
b18339b3-92d5-4077-829b-0d4fd057fb76,1,processed,True,-1,9.796746257350122,1.0,50690,1,3
6c762b00-9c4f-4b22-a6f1-46c452cf03df,1,processed,True,-1,67.3444083809708,1.0,29025,1,2
d6199e34-c340-4959-b2ed-c78cbf0c2670,1,processed,True,-1,36.72677515828527,1.0,43902,1,3
97553a67-f3c5-443d-bdb7-cbac8cd6672e,1,processed,True,-1,98.66037168592665,1.0,68591,1,3
787552ad-9901-44de-952f-3ca8c2e0f3d6,1,processed,True,-1,20.596604171209375,1.0,62895,1,0
82765bc2-3412-46b9-9d1b-9e0ff5d94d1f,1,processed,True,-1,6.827007885245331,1.0,47732,1,3
6653b66e-f178-4b02-a1e1-2e15f66eceec,1,processed,True,-1,30.59553653074461,1.0,24130,1,3
f72f065c-6b88-4324-9476-18cd5b6d5d00,1,processed,True,-1,27.606962387731926,1.0,40617,1,2
fec0360e-cb79-43b4-851f-6f198e401829,1,processed,True,-1,65.03132793299255,1.0,49317,1,2
483856d2-5f0c-48c7-b585-51e69463080b,1,processed,True,-1,28.280296966530642,1.0,62607,1,3
7b78c90c-cb48-4dfb-9c33-6434d4cbe3d3,1,processed,True,-1,30.47377356228492,1.0,65795,1,2
5f9476c3-f43c-45e9-9bb8-40e9cd84a2ff,1,processed,True,-1,119.34974835658593,1.0,69684,1,2
4934738d-b153-4b76-bd5a-6b5bf25ce22e,1,processed,True,-1,36.555511204228765,1.0,55406,1,0
f8ed85bd-96b6-46ff-ba2e-8e2994ab7a28,1,processed,True,-1,12.463348212762765,1.0,31924,1,3
e82a38e7-e838-4495-ab2e-2ff84ff4c532,1,processed,True,-1,451.0352062517251,1.0,56002,1,2
f6a6b0a4-9509-46a1-bd78-694404b8d135,1,processed,True,-1,140.3994475062131,1.0,21775,1,3
26066145-5dfc-4bd9-b65a-397f138d414e,1,processed,True,-1,15.551441645616423,1.0,50504,1,2
25455fdd-bcd2-4d07-a4e9-5fc89324aa24,1,processed,True,-1,71.56308962525478,1.0,57904,1,2
96f19965-a85b-452b-8c26-8eac9c8ce525,1,processed,True,-1,70.31225808178245,1.0,38614,1,0
75fe628f-74b2-44c8-ad4f-290ec9e98d43,1,processed,True,-1,89.07357430592732,1.0,42851,1,0
c97223d4-9ce1-4a23-919d-b5ca19f11c98,1,processed,True,-1,23.069886097825627,1.0,27260,1,0
73041bf3-bcf8-46bb-8a16-e1f61fdd17a2,1,processed,True,-1,131.10595100436103,1.0,48049,1,2
e97caedf-f606-40d4-bcde-e4ab4c666fcc,1,processed,True,-1,1.5689739901978597,1.0,52122,1,3
dd9a0927-0d88-4c01-8d97-5e5d73e24e34,1,processed,True,-1,184.31880260354922,1.0,35170,1,0
07e7f812-f807-4ca7-8e1d-30859a87f122,1,processed,True,-1,100.30268531084097,1.0,54408,1,2
a8a2e916-d599-4915-964f-ba9a3ede9745,1,processed,True,-1,15.455246952619412,1.0,39599,1,0
b5dee680-6f30-4e18-995c-2eaebf298d1e,1,processed,True,-1,68.80534177430059,1.0,66319,1,3
80721d6b-8419-4de1-b28e-7cbcc23134ce,1,processed,True,-1,14.75616030969927,1.0,61859,1,0
9a8d4164-4cc5-4420-94cd-f4ee23a63d79,1,processed,True,-1,38.59198505027959,1.0,42751,1,0
a8dcbd83-4473-42af-ac2d-72554de6078a,1,processed,True,-1,6.332496914094851,1.0,26483,1,2
37a83c4f-fb1f-43fb-bdde-81ce341d8d98,1,processed,True,-1,183.51146913781955,1.0,27402,1,2
386f82c2-3034-466b-af6d-8c30feb4b337,1,processed,True,-1,43.260627751950466,1.0,27911,1,2
5f7c25db-2222-4ae5-8d56-03a732036871,1,processed,True,-1,25.433730417236173,1.0,26667,1,3
141133d8-096d-4519-9824-08843a1c1704,1,processed,True,-1,102.25935031643868,1.0,34641,1,2
6a147956-1c92-4887-8b0f-62df16efe30e,1,processed,True,-1,265.5859497660869,1.0,22242,1,2
0fbd4c48-8471-4834-b341-85d6d5555e80,1,processed,True,-1,14.930616634042135,1.0,69521,1,2
65aaf11b-197e-4593-8b6e-4c46c49e03eb,1,processed,True,-1,32.067140237658585,1.0,33116,1,0
dd7db898-2e17-46a3-a90c-b1df0440dc67,1,processed,True,-1,53.634510767291346,1.0,49390,1,2
f8ef9738-d572-4bc1-9d47-87a8f99d5e5c,1,processed,True,-1,117.84480629730972,1.0,65050,1,3
a9a4890d-f91d-4f56-808a-3a71c0ce2243,1,processed,True,-1,22.766499987793328,1.0,35802,1,2
a7bb2e6e-6d8e-464d-a61a-a2c324ca2f8f,1,processed,True,-1,73.32322683314072,1.0,65333,1,0
153a6cab-d654-41bd-aeeb-ffa417d13c7f,1,processed,True,-1,292.5971727223406,1.0,22490,1,0
0c7875d6-1d91-46e3-a15b-4d8f0bcf6aae,1,processed,True,-1,259.64641127819846,1.0,49810,1,2
c49a5c54-4dfa-4d82-aed5-d3e6a2897d82,1,processed,True,-1,119.17196805454017,1.0,39886,1,3
84837470-31c9-4a74-803c-10a5d0004976,1,processed,True,-1,99.09616265375772,1.0,28205,1,2
1a86ce96-b3fa-4bb4-83a9-56a272eb9a44,1,processed,True,-1,194.73721064593713,1.0,34735,1,3
03661372-dbb9-4876-b7ae-eeb3f8ecb35c,1,processed,True,-1,263.6382345828722,1.0,54819,1,3
32c06764-3471-4718-933a-60eb7d0a19be,1,processed,True,-1,20.2168130997971,1.0,63665,1,2
dc941860-9e2a-44b5-9ed1-cfe6a125ecf5,1,processed,True,-1,55.64629668939607,1.0,23613,1,2
1698e1a3-4341-471e-91c3-3ada1bdfba68,1,processed,True,-1,161.70996207034784,1.0,32809,1,2
766a4602-0d9d-48fe-a6e7-c5bc06b4b9a5,1,processed,True,-1,151.42006182913534,1.0,32652,1,0
0e64510e-7edf-4561-b1ce-1970ba1952a6,1,processed,True,-1,145.12825527644407,1.0,60290,1,2
6ce62de4-81b2-4964-afda-528fe74e6fdb,1,processed,True,-1,67.0991037115203,1.0,28603,1,0
17343657-9a48-4901-866c-69bdd67548ac,1,processed,True,-1,90.15634255565402,1.0,70172,1,0
0da432ce-4d3a-49e5-8ba9-19c3a8a1e874,1,processed,True,-1,72.57149722462947,1.0,39317,1,3
2d8527ec-9a8f-41c8-94f0-278160dd8253,1,processed,True,-1,59.04619867543842,1.0,27416,1,3
f8db326c-69a2-4e6e-9822-d94574f1cdf2,1,processed,True,-1,187.56040855762924,1.0,33808,1,0
37fed7c4-d7b3-4042-9dfb-5c2b2dec24a8,1,processed,True,-1,8.658812142586449,1.0,63457,1,0
81798e15-3fae-421f-a602-85c145e526da,1,processed,True,-1,40.1586075863435,1.0,63353,1,2
9aa60dfd-7d26-4099-ba77-91f60f4d147e,1,processed,True,-1,122.63693956319206,1.0,59392,1,0
59e577ec-2657-44d1-bf39-b837290c6409,1,processed,True,-1,4.60767461644812,1.0,34481,1,2
883eb55b-3c98-4315-8b37-170159653d07,1,processed,True,-1,112.61545008894242,1.0,41304,1,2
9f313d11-b7f1-4590-8eb0-3dd3075fdccd,1,processed,True,-1,72.54239890037684,1.0,34012,1,0
0f70568a-a500-413f-ab30-593964d92181,1,processed,True,-1,89.3114640460109,1.0,26906,1,3
f48553ff-e666-4490-b15a-59c99392e197,1,processed,True,-1,8.032879622909926,1.0,54084,1,2
de31675f-cd7a-4920-a12b-4513ac4f8535,1,processed,True,-1,5.929498896741123,1.0,51366,1,3
24c780dd-ca16-4b42-b96d-8257ab368860,1,processed,True,-1,79.2767816228099,1.0,28604,1,0
c66fcbae-6fc0-4fe8-b64e-2c200bfd90f2,1,processed,True,-1,517.694696291622,1.0,51984,1,3
2ad40c3e-b077-4ece-ae47-de1478deb827,1,processed,True,-1,36.91535578356123,1.0,41136,1,0
1c3104f3-ef80-418e-999b-b1d67b5a9df3,1,processed,True,-1,229.43964492721406,1.0,54527,1,0
95d5eacc-8b5c-4d82-a762-a53492d78387,1,processed,True,-1,114.14191205991125,1.0,22237,1,0
b1a166a9-f2d2-48a7-ae66-6f21a101a11c,1,processed,True,-1,66.00754426508442,1.0,21110,1,2
d96abd22-d7b6-4173-ab83-a34f2956dca7,1,processed,True,-1,378.43279158164756,1.0,50208,1,3
c7a62b6e-3b3b-44b9-aa24-7b683745cc8b,1,processed,True,-1,12.134508703779655,1.0,21404,1,2
fbd077d7-73bc-4c3a-bd8b-bdb23814c983,1,processed,True,-1,266.06632444270895,1.0,65383,1,3
94ba83d9-929f-414d-9cfc-c12c3bcb5ad8,1,processed,True,-1,108.8249710275769,1.0,52946,1,0
fe4e8f29-415c-425a-8d4f-a00d174b4eb2,1,processed,True,-1,197.083849496812,1.0,22651,1,0
00a0f93a-d808-44c7-8d9d-6fc3a0a75ce4,1,processed,True,-1,29.336925215622962,1.0,33619,1,3
5b50fb21-48de-4779-b562-db8435b41246,1,processed,True,-1,17.592128694232343,1.0,41813,1,3
6d524a2b-63d0-4c1b-8562-ea0fbd36a9fe,1,processed,True,-1,96.1611021993686,1.0,51186,1,2
1a432ecf-6ceb-493e-82e1-c1afe872779a,1,processed,True,-1,4.3042275880929886,1.0,26848,1,0
e36f1c9a-5a2e-4e2d-82fc-6a1b226d6f7a,1,processed,True,-1,122.39548102727657,1.0,26389,1,2
4a1f5147-b1af-4b4f-bc38-abce2adbd45f,1,processed,True,-1,279.9471107544665,1.0,70245,1,2
9effa0ea-74ab-452e-9df4-e515e3a3172e,1,processed,True,-1,102.37659077618129,1.0,68670,1,3
50aaadd4-1fba-4797-8804-7d18835857f4,1,processed,True,-1,23.253437273240266,1.0,22665,1,3
5a7a0fbe-52ef-4de2-8177-6fc5a0e591d8,1,processed,True,-1,213.185012892104,1.0,70976,1,0
73fee9f9-5b2c-400b-925d-5da429ecf24d,1,processed,True,-1,38.68504266619996,1.0,55126,1,3
8db3b8d1-43c5-43ea-8275-e60718b3a090,1,processed,True,-1,79.57876797454223,1.0,42644,1,0
fbb52abe-485a-4257-841b-6127ea5906be,1,processed,True,-1,284.87340112638043,1.0,51824,1,2
d537534d-ece2-4fe1-b7bb-853fcf648fd3,1,processed,True,-1,42.946303420187185,1.0,22642,1,2
01810702-4383-46b2-8b44-cac8f71d57a4,1,processed,True,-1,12.486314995678823,1.0,43028,1,0
79d483eb-654f-424c-a287-1123386ce9aa,1,processed,True,-1,93.8560954457461,1.0,70656,1,3
aa9a5a2b-3a79-4e42-b4e4-10f4a3a9aad1,1,processed,True,-1,24.976909689952148,1.0,21899,1,0
bd0662e1-c3a6-4e07-926d-ef75e9ea5179,1,processed,True,-1,155.70473325423674,1.0,50153,1,3
b35d5f44-04b7-4174-abfe-943e3bbff722,1,processed,True,-1,49.79887789379836,1.0,34824,1,0
b58d6461-978b-46a4-806e-535836b37053,1,processed,True,-1,322.74857203348245,1.0,49088,1,0
4aed7008-3608-4245-a1a9-d5468c6f12bb,1,processed,True,-1,61.72166565919836,1.0,64998,1,0
0e9050a0-98d5-454c-a068-1140f821d516,1,processed,True,-1,365.8895341789243,1.0,32734,1,3
b3ef3c0f-db29-4eb1-9ca8-dd14c69a4c78,1,processed,True,-1,14.856085639341906,1.0,38280,1,2
49bb71b8-c905-4148-8c13-c7f9f04239eb,1,processed,True,-1,154.74064577491956,1.0,45733,1,3
8084de5f-5f5a-494f-8474-965063c529ad,1,processed,True,-1,47.136687444569745,1.0,36639,1,0
242b7909-c6c7-4cd1-a89b-19ca8d54f38e,1,processed,True,-1,116.54470151331464,1.0,41675,1,3
a96083a6-252f-41a5-9373-3adf343b0344,1,processed,True,-1,58.73120988145553,1.0,32999,1,0
29eea228-7e6b-4a86-9ef2-57d2ebb601c5,1,processed,True,-1,51.78606155818366,1.0,58836,1,2
ee5d4703-3673-42a4-826c-bff9702c8f9f,1,processed,True,-1,18.12391165639322,1.0,33449,1,2
fba4a3bc-8f17-4d73-bd18-352ee794b84f,1,processed,True,-1,152.18888547629356,1.0,32961,1,2
c20d9fe6-78cb-48db-8cdd-ad32a68f8d19,1,processed,True,-1,84.48778557563371,1.0,33661,1,0
48bca67b-ce24-410c-80ab-1246980f87f4,1,processed,True,-1,246.56767311561677,1.0,46138,1,2
52325c1d-7d0e-4664-9e67-c2faaaa45f9f,1,processed,True,-1,26.53787935517018,1.0,30249,1,0
c14be2c3-ee9a-4101-b454-0ccb23579472,1,processed,True,-1,162.72255715686458,1.0,34210,1,2
1d77f201-b296-4b12-9de7-5b67edcedc7a,1,processed,True,-1,20.29736910775835,1.0,55460,1,0
7898aeab-c786-47e1-873a-c65d549e4679,1,processed,True,-1,225.35618472513934,1.0,38176,1,0
d7610a82-7d24-4b88-bf94-0ab5ac4f7da9,1,processed,True,-1,155.96449584313402,1.0,28643,1,0
07fa9157-0019-46de-931b-b35335adde84,1,processed,True,-1,67.98803014369223,1.0,22010,1,2
82fd2771-6418-4b8e-851f-cb2dc9b59b54,1,processed,True,-1,33.0570213707715,1.0,61373,1,2
e87fd53d-52e8-4225-ae0f-4b1af80ba355,1,processed,True,-1,91.32970908811008,1.0,50104,1,3
8b02052e-603a-4daa-823c-0d55e5bdc833,1,processed,True,-1,149.346252840522,1.0,63702,1,0
5db779d5-7359-48c2-b9e9-3cd5b686b4c2,1,processed,True,-1,1.620945858861833,1.0,21190,1,0
5539a860-03aa-4933-8a6c-96fb5afc95e0,1,processed,True,-1,121.85972479535123,1.0,31465,1,3
1a12cedc-f096-45bc-bbac-60c55cdf272a,1,processed,True,-1,128.88459831199276,1.0,53273,1,0
57761945-8e65-46c4-8fab-efa31b912db4,1,processed,True,-1,61.231449768475954,1.0,60112,1,2
b268c057-c582-4cd5-bd96-0ea470251ade,1,processed,True,-1,235.1010372102123,1.0,40283,1,0
fdb97f1f-5c3c-4103-b512-1f3f42e0949f,1,processed,True,-1,496.3889474635119,1.0,31290,1,0
760e9405-8fb8-4dc7-9cc4-bc5fdc2ecede,1,processed,True,-1,7.506955516388247,1.0,53188,1,3
c1312b0d-825a-4c15-81b7-8195d4517cf6,1,processed,True,-1,76.82827592603829,1.0,48785,1,3
f697a8ff-2bc6-435f-955f-57e91015c17b,1,processed,True,-1,142.46674651513814,1.0,29901,1,3
4faec031-feb7-47dd-b88a-3dc2c0ec031a,1,processed,True,-1,43.20401060296715,1.0,45013,1,0
8e0fbae3-1506-427e-bf04-357047f6dad3,1,processed,True,-1,260.72327817909263,1.0,67169,1,2
883276ac-a734-4dd6-acc1-7a2ed66d8918,1,processed,True,-1,11.302446682512116,1.0,68450,1,0
90ea1127-2959-4942-b270-a2b6eb2c0561,1,processed,True,-1,50.01298771611599,1.0,59607,1,0
2f01bbbd-c558-485f-8771-26f92bacd2d7,1,processed,True,-1,148.53184961111702,1.0,57358,1,3
fb50869e-6dbd-4e3f-8ff3-465b734f91f7,1,processed,True,-1,13.637132016100415,1.0,53594,1,3
820a020b-083a-4d34-a6a3-5777d18da3db,1,processed,True,-1,235.21758404066082,1.0,64505,1,2
42f775d7-d428-4d4b-9bff-199cf28bf54e,1,processed,True,-1,395.1282209142175,1.0,46780,1,2
339db634-a9ce-42e0-a25b-2498350529dd,1,processed,True,-1,48.603151905218645,1.0,25865,1,0
ff4e351d-04cc-4d85-b205-50c4d071edad,1,processed,True,-1,13.603458653084616,1.0,26109,1,3
09f119f2-94da-459b-b9db-98145228ca8d,1,processed,True,-1,96.40719308426739,1.0,41768,1,2
40cc81f2-0aa8-4fe9-a93e-67c2a10c2519,1,processed,True,-1,29.687942805774803,1.0,63712,1,2
92e7b989-b6d0-44d9-9893-7c072e46e7b2,1,processed,True,-1,2.230074823357438,1.0,60346,1,2
79c4cf21-7868-49c6-8d25-2b1a54f87188,1,processed,True,-1,247.91639398522278,1.0,25975,1,0
c35fecaa-3e4a-4125-9269-49239011a545,1,processed,True,-1,63.19539477040767,1.0,45651,1,0
f56e7513-cbf8-41d5-9bd4-319b33392c69,1,processed,True,-1,105.43510200435982,1.0,30759,1,0
d7e0473e-26b7-4ff3-99f2-59757dd2a810,1,processed,True,-1,274.4656346914842,1.0,52019,1,0
f6545fa4-4f58-49b0-aa0d-a1f605b3137d,1,processed,True,-1,5.45578237799456,1.0,42447,1,2
0d16f393-cc19-4fc6-8dfe-517d940006a5,1,processed,True,-1,246.16854285734823,1.0,51434,1,3
26b606cd-7f8d-43e3-a523-15e8ecfe0c47,1,processed,True,-1,104.13595073796893,1.0,46191,1,2
30df0d04-6170-4dbe-99e9-04875ebb430f,1,processed,True,-1,0.7933791214109168,1.0,55836,1,2
e5e4edd9-eb8d-4f1f-95c2-42558bbef585,1,processed,True,-1,203.11647254846895,1.0,31187,1,3
1f98b2d6-a6ae-4891-88e6-c4af9d399767,1,processed,True,-1,18.639961508904697,1.0,27969,1,3
b9da14f0-6ba6-4c36-b42c-2bdbe73d4d2c,1,processed,True,-1,110.97187625250882,1.0,43130,1,2
babf2b79-f09a-4ffb-aa16-b858ae9147b5,1,processed,True,-1,452.8588720465619,1.0,34811,1,2
57fd1345-5395-4d13-9ede-3b104d43ffef,1,processed,True,-1,177.19707112485708,1.0,53121,1,2
8372b52b-0418-4737-95f8-c48c87659250,1,processed,True,-1,49.46315365632593,1.0,32631,1,2
c8718c65-de9a-49f1-9e54-605c687cdc87,1,processed,True,-1,76.46964773230022,1.0,49834,1,2
9cab30fd-2dfa-4328-9cf4-fa016e72f066,1,processed,True,-1,61.494087791115895,1.0,65122,1,2
b5cab46e-3172-491f-ba52-877888baaf29,1,processed,True,-1,170.73103434470488,1.0,51086,1,2
b50b1676-cb59-436a-a131-403842895461,1,processed,True,-1,84.40458063154766,1.0,39142,1,2
0cdc285b-2672-4f2b-a8f3-e169012b7093,1,processed,True,-1,34.305359264397765,1.0,63495,1,2
a0eb4a67-6c7a-4c4a-b0a2-ffd9231d621a,1,processed,True,-1,184.79375413559106,1.0,64087,1,2
d84a3705-333b-49c8-aba0-c23441661958,1,processed,True,-1,43.839743011070276,1.0,33911,1,3
a1404123-ecd0-48a1-bd94-8b831ea46015,1,processed,True,-1,79.5716436228295,1.0,32441,1,2
a39d24df-ac8c-4e6e-9bfa-81700aadfb5e,1,processed,True,-1,292.44075095726805,1.0,66282,1,2
9a2e6cb9-7cf5-4d9c-aba5-5d0b00eaeb03,1,processed,True,-1,79.74701740164303,1.0,32038,1,0
9ae28dfa-9f05-42e0-a5be-676c8197291d,1,processed,True,-1,91.5658791196438,1.0,46084,1,3
62428bbd-3470-4c33-91da-b1e35ca60cfe,1,processed,True,-1,218.5952795926627,1.0,58225,1,3
925a8b21-ed68-42b1-96bf-00a58957c336,1,processed,True,-1,0.8040384222356147,1.0,64253,1,0
ef0a3f18-1e5c-44e4-9eef-62e351a56e20,1,processed,True,-1,180.18942053702347,1.0,56547,1,2
5a683da1-81d1-49b2-82c2-fe050761c935,1,processed,True,-1,8.144930391491432,1.0,24606,1,3
5c5f1eba-ffb9-4b16-8030-835b2d00bc74,1,processed,True,-1,180.6542340316466,1.0,43386,1,3
cd4651f8-77aa-416a-89b1-0742d77c34d6,1,processed,True,-1,25.204343584498318,1.0,21112,1,2
a4f131cc-8ed7-4d93-a16e-119430ca87ea,1,processed,True,-1,33.63592455162203,1.0,21138,1,3
8495834a-414d-416d-b665-6c3e309f60cd,1,processed,True,-1,61.43921337335232,1.0,64222,1,0
5ff50e67-fa42-4452-824a-c72e29f61110,1,processed,True,-1,47.61392515357112,1.0,21443,1,2
20bebf92-f8a6-409f-b69a-8fb348a35632,1,processed,True,-1,22.882434194932923,1.0,49425,1,3
31965a48-3064-4112-b83d-977556e90835,1,processed,True,-1,13.562395116725593,1.0,51719,1,0
d8013e7b-de4f-4b8b-9250-9e1249301f18,1,processed,True,-1,14.702700901062196,1.0,55506,1,0
466a8856-24bd-4629-beeb-aad81a48e063,1,processed,True,-1,57.58468850406362,1.0,29847,1,2
b016c8e5-b33a-4fcd-b8b4-c03ea2307ea2,1,processed,True,-1,30.183819119504022,1.0,43710,1,3
9d755545-1aca-496b-b9db-4e8882743ddd,1,processed,True,-1,9.684840640300068,1.0,65566,1,0
b1e97f5f-d4fd-41eb-b9f3-431744e95b27,1,processed,True,-1,110.63142468399623,1.0,49220,1,2
13c50354-3fc4-485e-8b95-7719316af3a8,1,processed,True,-1,93.26655133172729,1.0,62457,1,0
ecc46386-711d-4285-a2d0-b1221f0d9b2b,1,processed,True,-1,98.2979339572404,1.0,37860,1,0
cf8c34b0-8547-4abb-af08-5e8c8ad193b8,1,processed,True,-1,7.035775986379557,1.0,25557,1,3
216c42b5-aea5-46ad-b8a2-e0bee19dd4e3,1,processed,True,-1,462.9262086007407,1.0,68323,1,0
8efb164d-dfd6-4fbe-8767-f669de4bc1c0,1,processed,True,-1,246.02656517064716,1.0,54087,1,2
b8a2f3af-ede6-445c-9052-398aba48b38f,1,processed,True,-1,202.9028060801917,1.0,31584,1,0
8a7bf1b8-15ae-4ff5-aeba-5d497db8846e,1,processed,True,-1,45.0929813205642,1.0,42573,1,0
5c1befcd-cffa-4eef-a4ff-14235f73c0e9,1,processed,True,-1,224.83168965026587,1.0,42382,1,3
2d288712-2de7-4073-b364-1f03953ddf07,1,processed,True,-1,54.15299625948391,1.0,62767,1,2
ad37d592-3b61-4719-9537-517b7546aa60,1,processed,True,-1,158.5391344147633,1.0,60861,1,0
865c0ba9-3000-4c61-8e68-8119826a64ae,1,processed,True,-1,4.520103026064265,1.0,63297,1,0
2598a64d-7fe0-40f2-8d16-a901953c79de,1,processed,True,-1,38.04578947278706,1.0,65419,1,0
4355f7c1-fa8c-446a-bb29-15a34cee62f8,1,processed,True,-1,141.87369048715627,1.0,68607,1,0
cb31daad-e620-41ba-b72d-595a64b72452,1,processed,True,-1,27.711759962275035,1.0,26838,1,0
c20f52bd-fd6f-4ac8-80d6-1c0fe6e30304,1,processed,True,-1,57.59467714927544,1.0,30976,1,0
33329e25-7c9d-4b1a-9f97-9c38713fa1f5,1,processed,True,-1,21.4749400548802,1.0,26992,1,2
76963fa7-d92d-4bae-b39f-5c98dae1d13f,1,processed,True,-1,198.8653349472278,1.0,36190,1,2
132cef4b-1d50-4730-8d4f-7cfe6fe75d9c,1,processed,True,-1,190.61606350511173,1.0,28706,1,3
5ed0f0cc-e586-4d39-b3f7-25482a1fb543,1,processed,True,-1,173.75646299456056,1.0,40007,1,0
513c3b55-7933-4c81-b349-ac3427686f2b,1,processed,True,-1,91.78292332955557,1.0,44478,1,0
e26cb8b8-cddb-4aff-9556-3f889196e839,1,processed,True,-1,90.17020704463997,1.0,59893,1,2
739ed35c-67b4-4a2a-878a-a76a85d45c9d,1,processed,True,-1,16.016867641288513,1.0,42559,1,3
ccafd6a8-65e4-47d5-b023-568a747b836a,1,processed,True,-1,1.1119766407339442,1.0,65962,1,3
d6c52c49-2144-4753-8f21-4e6b5a2ccb8d,1,processed,True,-1,183.02099169350117,1.0,41026,1,3
48333a23-9990-4a56-a29b-a9244289708c,1,processed,True,-1,82.10049462152126,1.0,37590,1,0
d475a6e1-f418-4322-9042-b5aeaef7f05c,1,processed,True,-1,53.640674233943784,1.0,54844,1,3
a226fa32-48bf-439a-a8ef-425f5f8321a4,1,processed,True,-1,224.09348888782844,1.0,32482,1,0
7a971529-1849-4a68-9fbd-c98fbbb2d9c9,1,processed,True,-1,47.79619330945225,1.0,26881,1,3
beb71b76-798e-4ee7-8bfc-24623a8e981a,1,processed,True,-1,109.83683532177871,1.0,62034,1,3
a1a4116e-4748-455e-8a45-8c8309193c37,1,processed,True,-1,182.15172749573793,1.0,46207,1,0
2cf82ce8-6581-4398-a86b-597e4b46e572,2,processed,True,-1,34.39623824464523,1.0,61017,2,3
a5bde7e8-edd7-4fb0-9589-0a9bb85682d2,2,processed,True,-1,19.346151287682495,1.0,61408,2,1
cd541b88-91c4-43d9-83cf-d743bb50082a,2,processed,True,-1,136.86072164848622,1.0,32092,2,3
d9808a75-5cb9-43f7-8509-84189a019592,2,processed,True,-1,157.71651119458673,1.0,29743,2,0
d67c663f-945a-4508-8ace-3b5cb9748c03,2,processed,True,-1,174.7494162092569,1.0,51703,2,0
28657a5c-db27-423a-8b92-834124b174c4,2,processed,True,-1,55.18498385208659,1.0,66877,2,1
c9c26d47-959e-4b89-ab6c-a29b2f7a0b9d,2,processed,True,-1,171.55613315267567,1.0,53712,2,1
d4805044-6453-4c24-8fc6-615d3dbf7c54,2,processed,True,-1,98.58061087002258,1.0,69140,2,1
ae306dc6-dd3c-4de4-8a1c-cb0738e2b6c7,2,processed,True,-1,88.94876761842602,1.0,70674,2,1
416b35bf-7ee2-4961-a6e4-09033c37e15f,2,processed,True,-1,45.75012026013241,1.0,46548,2,0
6841743f-8e25-43ba-880d-885870eedd26,2,processed,True,-1,39.39152433461758,1.0,39875,2,0
c33e577d-2841-4967-b7b7-ac667f8ae9d8,2,processed,True,-1,1.7418628386561539,1.0,40086,2,3
d85ff21f-4699-46aa-8be6-6d8ac35fb1cb,2,processed,True,-1,39.39627814503391,1.0,69467,2,3
251dcc6f-b0be-44cf-9244-d12efad79a5a,2,processed,True,-1,115.54133169220628,1.0,40978,2,3
32f67fb7-3684-436c-94e3-b2ca1c4d1852,2,processed,True,-1,108.67397867019464,1.0,63028,2,0
95a96fa1-3689-4773-8efb-169306f8ac3f,2,processed,True,-1,98.27130642848475,1.0,43339,2,1
b2c2df76-9692-4a59-8f47-dfdefc958afa,2,processed,True,-1,183.0364558198208,1.0,35000,2,3
da57c45b-c061-423c-ab99-2e9c475c38f9,2,processed,True,-1,140.53102625608867,1.0,52023,2,0
b456b3fd-d152-4867-8071-740e0114e2ec,2,processed,True,-1,265.15630374858466,1.0,46139,2,0
f4c5c0f3-913c-4ac0-9792-f6d25f3a0e9c,2,processed,True,-1,120.81249415930158,1.0,29896,2,3
77cc28a5-4bdf-419b-acb9-2111dbff1faf,2,processed,True,-1,535.3426376192031,1.0,41112,2,3
01f142ca-4208-4a96-b0b3-8a8547a10c86,2,processed,True,-1,117.50241853137568,1.0,67303,2,1
fe43dbc0-3f5d-4870-baf7-08ab6da754d7,2,processed,True,-1,284.52255038005916,1.0,64620,2,1
1f4bfb57-f669-4023-a404-4b4b300ae5ce,2,processed,True,-1,47.379589491281315,1.0,36867,2,0
84ca442b-b0a3-4e9a-b57f-a0a4b10c1681,2,processed,True,-1,82.9281528069296,1.0,66452,2,1
eaa09cb1-05f9-4fda-a210-ae9f867aeff8,2,processed,True,-1,10.412801064799796,1.0,51945,2,0
1ce577b5-2a95-416e-b31f-abbfa01b0de7,2,processed,True,-1,34.53319369519674,1.0,47741,2,3
ce5bee69-2007-4a90-8037-1c1a4d9e6dc8,2,processed,True,-1,35.202573859954896,1.0,43849,2,0
64c94188-b4af-4e4c-a4a9-0a30abc87fa2,2,processed,True,-1,172.85976874707922,1.0,43677,2,1
4c6105d3-c4b9-4367-97b7-504e06b31bd5,2,processed,True,-1,64.39866636794846,1.0,67782,2,3
1516b76e-8225-413a-a365-7bb6d3582c02,2,processed,True,-1,45.01334520408479,1.0,59821,2,1
a95cf78b-85d5-4f86-9ae6-215086cbae13,2,processed,True,-1,9.409826973735594,1.0,34937,2,0
962d3f79-1bcd-4ca9-bd7d-c028348c675a,2,processed,True,-1,33.88521382780012,1.0,49333,2,3
85bae2dc-2982-4161-bfe2-ef5a3a855bd3,2,processed,True,-1,10.530820392141795,1.0,41423,2,0
5d8272ff-3813-47f0-95c2-3942e62ac264,2,processed,True,-1,91.79550979192884,1.0,51216,2,0
105d7617-9cca-4b20-bfdb-7173882fec66,2,processed,True,-1,30.135143993916238,1.0,33655,2,1
89d8d157-615d-4157-8e85-304e354b38e2,2,processed,True,-1,97.8023446948153,1.0,23485,2,1
3a03c058-ef56-4ba4-ad08-5019628dd6ad,2,processed,True,-1,3.5557284520265102,1.0,33513,2,1
fef4889b-0e83-4c65-ba14-3394f68fa4c6,2,processed,True,-1,257.3597471564677,1.0,43119,2,0
37ede504-4a61-4760-9c96-1f92f99a4d86,2,processed,True,-1,67.65574266141059,1.0,27293,2,0
d3a398a1-4629-4087-8979-b054c8da866e,2,processed,True,-1,287.5581660616529,1.0,28801,2,1
1788094a-fdc9-4f98-8741-6c24adf02dfa,2,processed,True,-1,48.02893124332561,1.0,61691,2,0
9f63a03f-f69d-45df-83c9-49b16e9bdb89,2,processed,True,-1,373.98662483209307,1.0,37697,2,3
3c8dca3a-11f0-4345-86cf-41bffa8761e7,2,processed,True,-1,9.308755813725005,1.0,45444,2,3
f8f98e16-5f05-4495-acbc-2c5856610ee3,2,processed,True,-1,69.12012479317454,1.0,60597,2,0
de13157c-bd5c-47fd-84cb-eb0bdb9e8aab,2,processed,True,-1,2.9617146302725663,1.0,61517,2,3
74e8fad6-64b2-40db-84cc-1aef833d8d67,2,processed,True,-1,6.595870309090365,1.0,51477,2,1
660b163f-e62c-4639-ae8a-b50a62550327,2,processed,True,-1,106.29701737219308,1.0,55051,2,1
7b5ef30a-41a5-4ec4-ba55-7da50333f7e6,2,processed,True,-1,77.71765016626676,1.0,25155,2,3
bc168b54-f741-4734-bdee-29b1c838ac66,2,processed,True,-1,448.7579744847035,1.0,66082,2,1
6715c0a1-e51a-4398-bbeb-819956f03af1,2,processed,True,-1,115.47677419373915,1.0,25234,2,0
a4b9c01d-0b58-4ab3-a56a-c58162617767,2,processed,True,-1,168.3011899653351,1.0,47871,2,1
7fc6dc76-ea70-40c8-874d-d4fb418c5750,2,processed,True,-1,208.45304670782525,1.0,31026,2,3
ff5e6594-c6b2-40e5-a69b-37c6798e98c8,2,processed,True,-1,197.93088107192048,1.0,45097,2,1
f381f868-f56e-4f4d-8e9f-d1692a690a7d,2,processed,True,-1,65.99349605737,1.0,55548,2,0
4af84f5d-658b-4f13-9ab9-bb1f0f5f6739,2,processed,True,-1,49.13829384828005,1.0,39315,2,0
757c6d30-178a-4952-af87-c74c1d224ccc,2,processed,True,-1,65.39536536967745,1.0,21733,2,0
546da753-fadc-414f-8fea-0c93a6651f6f,2,processed,True,-1,212.42453054879857,1.0,58127,2,0
72b280fe-fd62-48b0-ae52-b376a2cd6029,2,processed,True,-1,17.515889761485674,1.0,43075,2,0
277f9846-da76-4a26-97a4-0b1729e3b2f4,2,processed,True,-1,79.03016100258282,1.0,47880,2,1
f8af4960-43c8-4102-897a-78f7acac1b9d,2,processed,True,-1,24.804689014048147,1.0,40982,2,3
0895ef2e-c51c-48de-b45f-c2c6c425b4be,2,processed,True,-1,39.62551851710601,1.0,51294,2,0
eb868600-2faa-4dbc-9ae0-b5d7af50cf6f,2,processed,True,-1,4.592394821099183,1.0,46691,2,0
dd7ef4cb-9951-4abe-8e96-61dfc9a3527c,2,processed,True,-1,102.25934965519059,1.0,60144,2,3
3163bf2d-7dee-4ba0-9e90-3c25b794c02d,2,processed,True,-1,114.21144901296225,1.0,32123,2,3
19541942-736e-48b3-9e57-652273f5fe13,2,processed,True,-1,2.2950578253320484,1.0,25845,2,3
fbf9838d-05e5-451f-ab7f-6080827a9406,2,processed,True,-1,66.05570308520714,1.0,40966,2,1
87d411ea-b42e-4065-bdc4-85840edcbaf0,2,processed,True,-1,102.67410448112247,1.0,51017,2,0
d795690f-4031-4e5f-b8c1-9d1f4a162055,2,processed,True,-1,55.012385078076655,1.0,21186,2,1
a597f8f8-2f1e-4a5b-ad81-4516373eaf8c,2,processed,True,-1,193.23498351597706,1.0,55076,2,3
eeae1026-b2c3-47d9-a271-ffde2d2133c4,2,processed,True,-1,44.94566046050614,1.0,44883,2,1
c4151268-44f6-475d-b4a9-5d0bf3aa8f7a,2,processed,True,-1,38.20158252071166,1.0,69504,2,3
eddeb2bd-3b29-4e93-b8a0-d7d6034760c1,2,processed,True,-1,20.970176546776166,1.0,50149,2,0
293f2099-1b95-4519-96ed-51929e9f7b0c,2,processed,True,-1,21.61793429034183,1.0,69599,2,0
80197756-8bfb-46d0-ab5e-51f34c65bd61,2,processed,True,-1,13.528772582397758,1.0,60534,2,1
16e66531-1a9a-41bd-8e82-5ee66290bd49,2,processed,True,-1,171.42055610962106,1.0,41100,2,1
42e14396-f3e8-44f9-807b-bf259cfdb1f8,2,processed,True,-1,81.40136058967636,1.0,54614,2,1
11309a0d-300a-458c-8b1a-263e98d2e918,2,processed,True,-1,51.02514416830161,1.0,47505,2,3
339884b1-cb0a-49f5-9788-54bf2fc4c633,2,processed,True,-1,7.633327043307562,1.0,44469,2,1
794c9192-4e65-4f1d-9894-51e2712f6b76,2,processed,True,-1,232.13022880849644,1.0,46005,2,1
aa08c728-468f-41e8-b721-b331ff19c509,2,processed,True,-1,42.95038035225618,1.0,49963,2,0
50f10fa8-bf1e-4276-b056-f9ff69aa6f0c,2,processed,True,-1,49.58467845058092,1.0,48066,2,0
e2cc0583-fb30-4eec-9548-7c92476418dd,2,processed,True,-1,91.26600776104922,1.0,51137,2,0
a02566a5-42a0-4701-a147-e674a29fc1a5,2,processed,True,-1,62.71635037789115,1.0,64089,2,0
e281d007-8fff-4be8-bf1a-72c641f81a8a,2,processed,True,-1,147.78339172317976,1.0,36472,2,0
6074bf80-b161-4b0c-8993-c70312d4c67e,2,processed,True,-1,1.8198032534713595,1.0,68309,2,0
4b191847-df77-463e-a468-55c3f6ab8fd8,2,processed,True,-1,43.586791605058416,1.0,21522,2,1
71095ddb-3287-48a5-bb9d-0b009aa8b124,2,processed,True,-1,63.48294425678812,1.0,51951,2,3
fdd402c2-3a4b-4e37-b09e-00ec4f239c42,2,processed,True,-1,15.955229893997963,1.0,40610,2,3
fb39984a-ddf7-4dd3-a8e1-efb218f51382,2,processed,True,-1,178.06532403376463,1.0,64599,2,1
5160f775-e278-4bc4-9476-e84e63d2aa05,2,processed,True,-1,31.612008810183994,1.0,51344,2,3
d72c774f-a620-456d-b78f-b60d59950544,2,processed,True,-1,216.1585723293785,1.0,22170,2,1
502d9b47-d6b4-4988-ae3b-c39f62631a95,2,processed,True,-1,56.349420719070956,1.0,42726,2,0
6116b3ad-5d9a-40ff-bea5-673b1a1fac63,2,processed,True,-1,65.93605883513695,1.0,23145,2,3
c9fe112d-aa38-420a-8ac8-a424d82f6372,2,processed,True,-1,113.67313335062707,1.0,55903,2,0
4af62143-fe90-4335-90ac-1110da6a64ce,2,processed,True,-1,35.632848227113875,1.0,22966,2,3
06d054f7-9605-410e-96af-3db204995528,2,processed,True,-1,28.69718229899652,1.0,57116,2,0
9d316b12-9611-4df3-bd44-3dbe190d5268,2,processed,True,-1,62.35668790051412,1.0,55656,2,1
0fac217a-beb1-40e6-8872-870d03a6ac3c,2,processed,True,-1,304.26337824607407,1.0,57369,2,0
c3c48ed7-e89f-499d-84e7-4fe2ac10f208,2,processed,True,-1,21.740248063701483,1.0,45891,2,3
a691b079-3fa7-4eb6-862a-253b2f73d355,2,processed,True,-1,281.23963547118916,1.0,29356,2,1
a3a273de-fa10-4d45-831a-c3a4560c19fe,2,processed,True,-1,70.26200009404937,1.0,35654,2,0
aac31ecd-e3e4-4025-8aef-4aa720abb558,2,processed,True,-1,16.92485425929834,1.0,23810,2,0
73396e6f-6be5-41d0-9e23-8d882da434c1,2,processed,True,-1,166.518806529078,1.0,69700,2,0
bd8283e2-a962-4ad5-a8cf-d98ea1cb3f34,2,processed,True,-1,204.88834378865715,1.0,28708,2,3
3c97980d-6db5-4bd4-9766-db821c677f1c,2,processed,True,-1,21.97621082025633,1.0,32002,2,0
76731bca-16cd-4598-b0eb-e505678736db,2,processed,True,-1,3.5158178719411826,1.0,48234,2,1
c8c75881-9d50-4295-b028-15089898836a,2,processed,True,-1,200.79632591699607,1.0,60977,2,3
918ffd84-a20e-477b-a31b-371711686c83,2,processed,True,-1,178.16187611732852,1.0,66625,2,3
ce0bbda6-7af4-46e0-b165-357278a82c3b,2,processed,True,-1,73.83585396274603,1.0,40528,2,3
f52ce454-73f3-47aa-bdbe-96d3deab263b,2,processed,True,-1,234.5244491633985,1.0,39079,2,0
3616e38f-4aaf-485e-b3c0-be8995df101c,2,processed,True,-1,44.39371364257837,1.0,63987,2,0
f20450c8-3b6d-45d7-ae06-10f9efd7b6e8,2,processed,True,-1,63.73743974005618,1.0,33094,2,3
d9795833-db4d-4ddb-a273-0d2e1ebf80fa,2,processed,True,-1,70.86907866867685,1.0,67996,2,1
678b84d8-fd11-4184-9453-75616819833b,2,processed,True,-1,205.84748940900903,1.0,29669,2,1
b7cb9bf1-701d-4859-aef8-4cc80f907b02,2,processed,True,-1,55.88278640798886,1.0,57305,2,0
d836060b-3880-4636-a743-b45bd12efa2e,2,processed,True,-1,117.96298137913774,1.0,24670,2,0
3201aa89-5042-48f7-b0aa-2921169d894c,2,processed,True,-1,131.97939150246802,1.0,41113,2,1
ebfdd965-2fba-4279-b57f-62fa9a24436f,2,processed,True,-1,70.78920964465729,1.0,24960,2,0
d6cdf246-beed-4c2b-894b-6dde2a3b6472,2,processed,True,-1,14.322124576141087,1.0,31262,2,1
f75def1a-2a5b-49e7-9c14-7b263833a3ff,2,processed,True,-1,73.40580199769332,1.0,61630,2,3
346db288-18c8-4219-9fa8-8266513c3ea0,2,processed,True,-1,239.15771897546105,1.0,58559,2,0
917ed9ff-0385-42ea-b361-fdb1c6e890e7,2,processed,True,-1,49.87133909390313,1.0,32662,2,3
b6bed2d7-100c-4cb8-b5af-b774af88a4f8,2,processed,True,-1,491.72426289874085,1.0,62120,2,3
08c65a14-caf5-495d-8e55-f8cbc45b1761,2,processed,True,-1,70.06491198120204,1.0,21056,2,3
5370100f-e732-4425-9269-1d2a924c37e5,2,processed,True,-1,14.27295932566752,1.0,65100,2,0
cb1ec546-187a-4dbb-aca8-a04a072be552,2,processed,True,-1,80.10255411517011,1.0,66808,2,1
d79d273b-888d-4dcb-aee2-02c92c4a608c,2,processed,True,-1,188.8498688815696,1.0,26178,2,1
2572d32d-aa18-4e94-b18f-e5dc80a333de,2,processed,True,-1,262.1090736809319,1.0,21672,2,3
ac4cf96a-ddd9-4890-aa54-803a9073eb1f,2,processed,True,-1,62.737276245940635,1.0,49278,2,1
fbd8441a-47d5-4531-83d6-7044c044d0cb,2,processed,True,-1,137.04614287924107,1.0,31552,2,0
8086e0dc-3725-46aa-bde6-042c711aad26,2,processed,True,-1,93.26970551573153,1.0,50858,2,3
1ed719b0-b62f-468c-9bd4-563bd0d5f639,2,processed,True,-1,257.95962988253666,1.0,27498,2,1
6628e20c-6bff-435e-9627-9ecd988cfa3a,2,processed,True,-1,20.02984644718019,1.0,69500,2,3
b74c0180-d8e1-4211-899b-411d4519395e,2,processed,True,-1,70.06378223021852,1.0,48015,2,0
8488b200-d456-49ac-9fcd-70f1d4f3caad,2,processed,True,-1,48.48607837292201,1.0,22667,2,0
4cb2652c-a4f7-434f-87fa-2b6aeabae7d1,2,processed,True,-1,71.76283604797612,1.0,42839,2,0
45e3cd9e-a2a1-4e52-9b06-9a5979bf3720,2,processed,True,-1,136.41035928386066,1.0,60062,2,0
5bc830e1-fc24-499d-92c1-33bb75375ec9,2,processed,True,-1,1.1431823430606802,1.0,24928,2,0
600aa785-0bed-434e-85f9-8d77af24e4c1,2,processed,True,-1,218.51019695407538,1.0,49621,2,3
fb3f31b2-4870-4135-b611-296a9a871d20,2,processed,True,-1,40.310028634126176,1.0,32362,2,0
5dc0ab68-ae2e-41c2-9b0e-a1ca67354372,2,processed,True,-1,3.2178230898664943,1.0,43715,2,3
94482c01-7f72-4421-b8a8-2e5b7b0fe3fe,2,processed,True,-1,51.2950083626045,1.0,60242,2,3
27d74b11-7053-4c60-b47a-e7855f571a49,2,processed,True,-1,25.228616492514096,1.0,34851,2,0
6cc9a2bf-9b81-465d-bd22-486c3d597e2a,2,processed,True,-1,107.10865843978088,1.0,58688,2,0
020ae639-cbf5-4c5e-b637-160df8b2a53f,2,processed,True,-1,32.71676043403862,1.0,22102,2,1
601ccb16-b69d-4c06-8309-9d0346b7053c,2,processed,True,-1,46.4232803054798,1.0,27666,2,1
04694585-6d30-4dc6-9318-455c66e2748b,2,processed,True,-1,26.79126496501883,1.0,34884,2,1
aaac7136-2f2d-4509-8759-df0c82c14a85,2,processed,True,-1,9.750664716012423,1.0,51034,2,3
38d4ee92-5449-4b5c-89cf-e2165e6bcab5,2,processed,True,-1,15.091205791589497,1.0,26342,2,3
52d1e3c7-86bc-4b71-8ca0-82961ecdff88,2,processed,True,-1,46.05737046257784,1.0,69839,2,0
030b9881-b53b-4756-acc9-04c482c21df4,2,processed,True,-1,48.73559283751566,1.0,69755,2,3
dc9ecb10-c491-4b58-9ec1-97a2a8ceeb77,2,processed,True,-1,68.99589355530512,1.0,44343,2,1
8278edb9-1119-4f35-a0c2-178955cacc74,2,processed,True,-1,51.61172804226998,1.0,46926,2,1
a04d3726-6d67-42bd-9c88-fabd607898d9,2,processed,True,-1,207.1493200905429,1.0,55063,2,3
770301aa-24c6-499c-b2a3-39823976bb0a,2,processed,True,-1,181.14755024836458,1.0,42968,2,0
3bb0493f-f43d-481b-9e03-fa2daa7526d4,2,processed,True,-1,20.455900173470056,1.0,29418,2,3
abd7413b-792a-47e9-a341-519292dafda9,2,processed,True,-1,198.7837074814952,1.0,68595,2,0
2ff8a0ce-6e27-4b34-bb43-0f811ccb7fc3,2,processed,True,-1,51.54760344760021,1.0,48809,2,1
24fc1c3d-cda8-406d-9d45-baef564ab68c,2,processed,True,-1,21.387125732710967,1.0,35197,2,0
5761b969-3982-419b-b988-385ae65d128c,2,processed,True,-1,76.91567310544418,1.0,28759,2,0
3bd2b9be-7669-48b5-9921-d496bcaef843,2,processed,True,-1,26.341481501843166,1.0,38166,2,1
fab6c2e2-0b5d-4ebc-9219-56e730854cdb,2,processed,True,-1,175.5780475399606,1.0,59697,2,3
60faacdb-3bc3-449a-9735-1e46e5937246,2,processed,True,-1,27.516289229007146,1.0,62357,2,3
751c343d-bccb-4a61-9a3e-896db9ec278b,2,processed,True,-1,31.37780831902242,1.0,53703,2,1
d577a78b-b1be-4571-b35a-d980834a3fb2,2,processed,True,-1,75.73810192724336,1.0,30823,2,3
4ad280a3-34e5-4e39-aee8-781ec2a0b2b0,2,processed,True,-1,54.03646059398854,1.0,34956,2,3
c31a8d94-fae0-4442-a3fe-5e4781b2f5ed,2,processed,True,-1,130.74030898091215,1.0,64191,2,0
eb98b320-93bd-4c5d-a81e-62cdf7bb3195,2,processed,True,-1,211.73325211708033,1.0,25404,2,1
d9da6b88-aaf5-4be7-a8f6-c425549cc76b,2,processed,True,-1,210.83486982227885,1.0,25709,2,0
ef8f8726-c709-47df-8112-b0c6bbfccfad,2,processed,True,-1,125.54300750385512,1.0,69334,2,0
4055c1ea-7564-42c5-a236-d6bbeff9f5a6,2,processed,True,-1,7.610692661133974,1.0,57329,2,1
c488730c-0ee2-4ea1-b22d-bfc8c3c7425f,2,processed,True,-1,24.80223559767046,1.0,35091,2,1
9cff75ab-4830-481f-9565-032f2111863a,2,processed,True,-1,101.63514779957895,1.0,65538,2,3
ddef7f40-0ed8-4cb9-84b7-70e649ebf43d,2,processed,True,-1,71.92838809349908,1.0,44573,2,3
b3e58f8d-5478-4591-8bb5-7b661deb630a,2,processed,True,-1,233.5984342435783,1.0,70575,2,3
1ab2e4c9-0516-44d4-87d9-759c2be1b98c,2,processed,True,-1,263.1604099294012,1.0,49501,2,0
64008fb9-9b6b-456a-bd5a-b0fba31f886a,2,processed,True,-1,170.0667587043166,1.0,36657,2,0
24efaec4-b52f-4b43-8828-1adef41237ed,2,processed,True,-1,39.45050087464061,1.0,53417,2,1
f36b5a87-02c8-449f-a55c-ff79c544f143,2,processed,True,-1,79.90285130155881,1.0,29128,2,1
63cdf990-f7e7-418f-87b0-82bb3b6eb289,2,processed,True,-1,204.16125340067862,1.0,43892,2,3
813ab986-8ff0-46e0-9ed8-4599157cf3de,2,processed,True,-1,149.5245631966631,1.0,66697,2,0
5ecb0e1f-d287-443c-ba9d-224d0ff6707c,2,processed,True,-1,4.837976025842124,1.0,31975,2,0
df437bdb-9d87-4221-a26d-fe26611eeada,2,processed,True,-1,24.453556105177405,1.0,51724,2,0
880e12ec-bbbc-4756-b045-5b37370c26a4,2,processed,True,-1,425.8533805306093,1.0,50130,2,1
01f11be6-79ff-49ca-acff-ac5ccc4be7ea,2,processed,True,-1,156.5541907604623,1.0,40166,2,0
63bbac70-ff81-4cf4-8ee0-09fb3053682b,2,processed,True,-1,46.66890946964972,1.0,61786,2,1
119a4ea6-073e-4706-ae71-5539e263c11c,2,processed,True,-1,126.90702694727676,1.0,67453,2,1
ce35b952-a929-4d52-be2d-b36d90109f07,2,processed,True,-1,37.3276779264361,1.0,38141,2,0
026ff821-6761-4ba9-8e48-e255b2f0386b,2,processed,True,-1,82.50163032228795,1.0,23490,2,0
09fbe01e-4099-4375-865f-b4cc604d38fa,2,processed,True,-1,33.326753552047066,1.0,35421,2,3
f7c20d24-5d23-4218-a268-d9973e9fdcf4,2,processed,True,-1,265.13050872952135,1.0,61335,2,0
6a7fd3d0-54aa-43bb-856f-cedcebe6d9dd,2,processed,True,-1,105.18460507796574,1.0,32618,2,3
aff70301-566d-402e-8cbe-0c554059310c,2,processed,True,-1,295.2166070857365,1.0,31517,2,1
3d4c5a5a-4a78-4238-9347-dd85a029e235,2,processed,True,-1,143.7702673057111,1.0,70600,2,0
27e476d8-57da-423f-8661-0e5e580ba539,2,processed,True,-1,80.80078210121975,1.0,36219,2,1
acd7fc43-2ced-43fb-8bcc-abea82ec5f90,2,processed,True,-1,21.58830174807924,1.0,42475,2,0
9d4470c2-983e-4c95-9e77-14d0c2d8f592,2,processed,True,-1,35.27744232389488,1.0,42572,2,0
84357c92-ceff-4f6e-acc6-cce60d364e5e,2,processed,True,-1,143.85151117188937,1.0,67854,2,1
bd12ae65-9692-4730-ae11-fab45681ef59,2,processed,True,-1,5.920801902031463,1.0,32860,2,1
ea393b14-bf2f-4a50-817e-7da465eb3d14,2,processed,True,-1,57.42174646682867,1.0,45484,2,3
98917c22-d66f-46e3-9f7b-fa1aff74c847,2,processed,True,-1,25.845110704202405,1.0,40028,2,3
d246b571-468a-4fcf-8789-e9dd9776a77a,2,processed,True,-1,64.92571487607209,1.0,53929,2,3
8e730b26-eda3-418f-9db5-6e7bb3bdf740,2,processed,True,-1,201.73313492189558,1.0,26767,2,0
8e931cee-ba45-469d-8dbc-cc329b6ee912,2,processed,True,-1,120.47219949062912,1.0,51482,2,1
2a524a9d-c8bf-44dd-8fe7-4bd6ce915f46,2,processed,True,-1,19.394535489168764,1.0,57886,2,3
7c02bee4-179b-410e-9351-fad1035215df,2,processed,True,-1,103.81571675257067,1.0,29066,2,1
2f6b56f9-f87c-4583-af65-a02930fc6be7,2,processed,True,-1,0.23524690116058714,1.0,58984,2,1
148c04c9-c195-4210-831e-adfd9ca2a3eb,2,processed,True,-1,40.034409756331165,1.0,43450,2,1
a554f7e0-3df1-4483-9101-ec493d8e039a,2,processed,True,-1,3.999311994251266,1.0,44813,2,1
6ffe04ab-eba9-4a46-a689-f5c9b7f26602,2,processed,True,-1,74.54094894453075,1.0,29647,2,0
65e464c5-8feb-49e7-87b6-a43fb13d2d9d,2,processed,True,-1,13.479715603163363,1.0,64731,2,1
e7202ca8-0f60-4199-8e02-b6c350ba22ac,2,processed,True,-1,120.93520458121975,1.0,47022,2,1
6142ebdc-df36-4e0f-9750-7e9dc1c1bdd3,2,processed,True,-1,682.4165045498765,1.0,42927,2,3
fd24f3a4-572f-46e1-a5ac-dec199d86934,2,processed,True,-1,34.16344359040503,1.0,64285,2,0
47bd9388-c1ba-4268-a857-fdec642d92b9,2,processed,True,-1,126.0725041793378,1.0,62045,2,0
4afdf851-6c0a-4ae6-961b-4a143723bd65,2,processed,True,-1,39.352694473283584,1.0,31036,2,3
274a0438-1c2a-431e-a024-7b16ba0a42ac,2,processed,True,-1,57.80939717013107,1.0,26949,2,1
bcd45bd4-aed6-4ce2-8839-957309baad95,2,processed,True,-1,102.48683743635958,1.0,64449,2,1
ee30b60f-25a4-42a6-ab20-84d8ffc82c9f,2,processed,True,-1,213.91893830568964,1.0,57236,2,1
e35b412c-b9cc-4da6-9f8b-f367cfb5b6e5,2,processed,True,-1,9.874885367639537,1.0,43680,2,3
347ca179-abee-4a76-961c-afd17ce2a7ca,2,processed,True,-1,53.2015876385165,1.0,55035,2,3
6ebff943-807c-4cf2-ba0f-54a023488de5,2,processed,True,-1,63.07007481430347,1.0,45931,2,1
7f340c2c-5315-4433-8830-a17f181b3f4b,2,processed,True,-1,32.97790851812755,1.0,21735,2,0
5823e00d-43c8-457f-8fd0-85438275cb77,2,processed,True,-1,235.48451075068652,1.0,37491,2,3
fb313e1c-623a-4b1a-9f37-18388d2d3332,2,processed,True,-1,14.00678262178847,1.0,63011,2,1
aac8dcf8-af0c-4cff-b565-d45b52f1cfa8,3,processed,True,-1,191.14317115353444,1.0,57618,3,2
f6bfd68d-6ae8-4332-bbdc-e5af26813e80,3,processed,True,-1,30.59754281433889,1.0,22291,3,1
2d5713d4-ac49-4fde-bca3-76a59d2293ba,3,processed,True,-1,8.273465044359225,1.0,26923,3,0
cc6a5c26-6075-42f4-bb50-e9264ad008b3,3,processed,True,-1,96.75747668287082,1.0,58518,3,1
cebc6e21-278f-491b-8066-6ce1432ed1e6,3,processed,True,-1,37.32972050832842,1.0,29782,3,2
83efead1-56d2-4e7a-b6ce-e14643dadd7f,3,processed,True,-1,109.92506515252416,1.0,29761,3,2
580c46e6-bd94-40b1-87e6-581925f6f710,3,processed,True,-1,2.0997641515384102,1.0,62127,3,0
4ba89e27-fd25-48fd-b69f-f297b506d8ed,3,processed,True,-1,74.46065372743489,1.0,69757,3,0
3f01b9d7-d092-4ec9-bc8e-40d6b4f58381,3,processed,True,-1,91.36974559918424,1.0,41330,3,1
f01dff17-da28-45d5-a7ce-2e4c4d0698fb,3,processed,True,-1,1.0700563620597294,1.0,70592,3,1
7cb0b534-965c-4233-8b13-d4e496ce764d,3,processed,True,-1,288.4694437960983,1.0,26941,3,1
00df48cc-0ca2-4e63-acea-b8b0d7d40b2c,3,processed,True,-1,61.07139703325314,1.0,67091,3,2
7193b8d1-7eda-40fc-bd92-171fefd9932c,3,processed,True,-1,344.61826225342554,1.0,25892,3,1
2d062dcc-fe8a-4770-947b-842d0465ca00,3,processed,True,-1,19.063134121877596,1.0,34953,3,2
1fba7967-46a3-42dd-8da4-9b0ebf6caa0a,3,processed,True,-1,13.063351303645662,1.0,59470,3,1
f99c2dab-86b0-48de-97cf-03890d598ab7,3,processed,True,-1,37.79452386302222,1.0,49176,3,0
de131b50-e987-497d-afa9-cd5852963bb8,3,processed,True,-1,106.76043340903905,1.0,49951,3,0
adfddadc-60ea-416c-b94e-e0f976b6403d,3,processed,True,-1,8.428626534010512,1.0,45953,3,2
d92d6cce-f213-4117-b332-b7ba628d668e,3,processed,True,-1,45.35396132246023,1.0,27818,3,2
e1fe5301-dc09-45dc-96b9-fed39a1d044a,3,processed,True,-1,13.633904455302076,1.0,67650,3,1
5ee1b6b3-1352-4026-ac3e-50be96e526e9,3,processed,True,-1,67.00861811350694,1.0,23779,3,0
e5906ed0-9ccc-4f90-8a6c-86aa2baefa66,3,processed,True,-1,144.02052147633756,1.0,69159,3,0
9eb05947-1809-4fec-a747-661220cdedc3,3,processed,True,-1,82.42870538488877,1.0,34823,3,2
514957ed-bf30-4c11-821c-afe55b7893a6,3,processed,True,-1,73.78950752518057,1.0,56151,3,1
f80bb74b-9179-4934-a3d9-07d238f907fb,3,processed,True,-1,16.443421748122223,1.0,35855,3,2
2255c63f-95fd-4e3b-9f1b-3d8b149c3a48,3,processed,True,-1,192.66544633908458,1.0,54407,3,0
966780db-afe0-4e1e-af38-e6f85349f664,3,processed,True,-1,85.88063828405534,1.0,44572,3,2
2a93de7c-e077-4d51-ac84-a338951e8176,3,processed,True,-1,44.55768715521678,1.0,26809,3,0
739af67d-b673-46e9-a28b-b352bd3ea268,3,processed,True,-1,171.09864737467754,1.0,35700,3,0
07674a73-47be-41e8-bf7f-195f6a6ddf17,3,processed,True,-1,17.047501872332962,1.0,57180,3,2
cdac42d2-1053-4d64-b5d6-92931c961434,3,processed,True,-1,414.8046883860131,1.0,59621,3,0
9297e05b-f6fa-458a-bc5b-b4b0c0ce2eec,3,processed,True,-1,33.81690207863473,1.0,59091,3,2
dabb984f-4c3b-412d-ba92-dfd6e18a3754,3,processed,True,-1,178.91232727940988,1.0,27178,3,1
532639ce-26c5-4c3e-817e-ffe20998c501,3,processed,True,-1,49.748146028627424,1.0,21041,3,2
2b816d98-b7a9-453d-ba3f-813249af322c,3,processed,True,-1,7.325881326003025,1.0,29650,3,0
09b1bc28-23f3-46a8-8d02-cdfb021bb669,3,processed,True,-1,9.924956795451795,1.0,38224,3,1
2763264b-863a-4f86-89c9-0fc4bb132668,3,processed,True,-1,29.716162062090174,1.0,43583,3,2
209de2ba-de6d-420b-911b-86eba6019cf8,3,processed,True,-1,7.872496673373207,1.0,44405,3,2
ca3e5ebe-9c80-41cf-9d02-c46f4b1725ec,3,processed,True,-1,90.51324499897727,1.0,21323,3,2
32eea1a4-389e-4723-a9f5-e1d9f7727ae2,3,processed,True,-1,36.209286896564095,1.0,46698,3,1
f905ab3e-b258-4e4b-bfa5-2f2191f44330,3,processed,True,-1,2.4741928341183184,1.0,28632,3,2
1691233d-f9b1-40ed-940e-3f30714b8c66,3,processed,True,-1,9.314379865761428,1.0,27425,3,2
1366d2ab-72d8-4174-9b48-5e58fe97b88b,3,processed,True,-1,49.38780609109691,1.0,32772,3,0
7a6ae556-cca1-44a9-b405-002db6cede58,3,processed,True,-1,10.321857311986195,1.0,59054,3,2
81f4ad0e-5b49-4c52-b1ef-6a1ed21b6039,3,processed,True,-1,159.9167277463579,1.0,70588,3,2
93d79586-4491-4249-95fa-87a14417fc06,3,processed,True,-1,82.64608160070794,1.0,66864,3,2
b1f70c96-8d6d-4efa-868b-057338eae3a9,3,processed,True,-1,30.32157459619255,1.0,49817,3,1
a1eb0527-2ead-4fbd-9fe3-039c0f3e439b,3,processed,True,-1,139.10572120701718,1.0,69635,3,1
4b99cdf7-7355-40bf-bbad-57b06b7280f5,3,processed,True,-1,99.62554179224841,1.0,67843,3,1
15627ba6-8cae-428f-965c-a838fb4b8584,3,processed,True,-1,4.655074196747721,1.0,65770,3,0
f788d866-ed5c-4492-80e7-0cc776d878da,3,processed,True,-1,60.15756530354135,1.0,23526,3,1
e8462dc9-93e4-4cfd-b134-6c0fbcec2f28,3,processed,True,-1,45.50113844482064,1.0,37014,3,1
e38bf45b-517e-4a20-a67a-81a357a5570c,3,processed,True,-1,191.09507866576647,1.0,68205,3,1
7de7a4d5-c9a0-482a-b8d8-77873481ba76,3,processed,True,-1,86.73841434460661,1.0,32800,3,0
f1a14392-e3e9-47fc-bc8b-d7e1a0c38909,3,processed,True,-1,414.5572705483942,1.0,46841,3,0
f626ae80-36dc-4ce3-a545-8af596657436,3,processed,True,-1,120.59613903687662,1.0,25629,3,0
3cf8f22e-3ed2-4857-a308-69d344e030c0,3,processed,True,-1,190.89784736710143,1.0,42530,3,0
579f8837-f5cf-4439-a203-81663a9f7527,3,processed,True,-1,153.2986583261141,1.0,59658,3,1
3e3095d5-d8f3-494f-beeb-a92a4a389642,3,processed,True,-1,20.62922666824231,1.0,33758,3,2
85bea510-82e9-4157-80c9-35dcaa67c73f,3,processed,True,-1,344.6228233541696,1.0,50576,3,0
cf232abc-0467-454d-a6f7-53db360a1ea1,3,processed,True,-1,12.37340437378924,1.0,21851,3,1
795fdb75-8680-489b-9e21-8bdf786d0014,3,processed,True,-1,56.925078278377306,1.0,60551,3,2
d9e13232-c710-4699-bf46-ace000fcfd6b,3,processed,True,-1,66.78464518576625,1.0,36181,3,1
717eb777-c223-4894-b929-686be92bdce1,3,processed,True,-1,209.88669143650637,1.0,46861,3,0
3b1c2774-bf66-4aec-9545-1657fee157a2,3,processed,True,-1,7.031353608611897,1.0,63014,3,0
566b4201-5610-46d3-a1f0-aa68c8d3ed3d,3,processed,True,-1,195.3538383955805,1.0,45790,3,1
0baa198d-c3b3-4547-b61c-e279c8bd3302,3,processed,True,-1,5.599343577025114,1.0,68730,3,1
e1a312ff-4ed5-4060-ad82-c75f9f871abe,3,processed,True,-1,156.67433229542985,1.0,55217,3,0
14f5c577-70fc-4899-a487-f0fcf3697974,3,processed,True,-1,44.903919221297556,1.0,61211,3,1
b2cc6ac6-01f3-4cb2-9048-c07a046641a0,3,processed,True,-1,74.58718117773712,1.0,25346,3,2
bee18557-493c-4ee8-837b-ec0b9fb1b18c,3,processed,True,-1,53.24231692607242,1.0,59101,3,1
5f75af8c-2a4f-44de-8b36-fa34abf9e4db,3,processed,True,-1,25.95001426211344,1.0,24241,3,0
d0ea8894-25cb-459e-aab3-3492db1eea03,3,processed,True,-1,55.48882670441435,1.0,61821,3,0
d8dbd24e-7dc2-46ef-a275-5e2e0b10e1aa,3,processed,True,-1,39.83624856761484,1.0,49586,3,1
8861f4ec-fbae-4d40-a09a-efa976651216,3,processed,True,-1,27.83288479863521,1.0,63845,3,0
31a71ff4-4ea7-4497-bc96-efe40b1401e1,3,processed,True,-1,16.448179126324362,1.0,22841,3,2
b35b419c-9f37-4189-a236-c155142c82c2,3,processed,True,-1,17.516053572590355,1.0,27367,3,1
3453d7ac-c17c-4517-ae3d-5ebb6ebb0d74,3,processed,True,-1,152.21966236948538,1.0,21584,3,1
0c701f03-8e9e-4893-834f-6c3e2277e3cc,3,processed,True,-1,117.9700050565694,1.0,36669,3,0
36605526-7e74-43f2-90e1-d93fd6133533,3,processed,True,-1,39.534229935286056,1.0,36170,3,0
7e999dc5-6632-4d7a-a199-dfc13875f44b,3,processed,True,-1,90.82569074111724,1.0,66185,3,1
ec635201-a268-42dd-8d61-495686d2d6ea,3,processed,True,-1,96.49210679825357,1.0,67039,3,2
e63c9e0d-2d4e-477e-90f6-013078922af6,3,processed,True,-1,126.46777564454861,1.0,53996,3,1
24d6c207-3ccb-4410-ad8d-4ef49ab0e544,3,processed,True,-1,73.65134361524204,1.0,49801,3,0
2256edaa-e61c-40d4-b38f-66192bd919da,3,processed,True,-1,207.34134851124807,1.0,50391,3,2
7ceb6144-53b7-452e-a74a-cf7fabf599d2,3,processed,True,-1,171.55436673912232,1.0,54325,3,2
8a05aa3f-5acf-437f-853e-69122388f81f,3,processed,True,-1,84.14427492628303,1.0,23150,3,1
dda7a54f-6d1f-4985-bcf2-38e3c6cff254,3,processed,True,-1,39.03241444321834,1.0,66698,3,2
56450de8-e0fe-46af-a372-1b0d3c09d460,3,processed,True,-1,299.67684750656014,1.0,28331,3,1
fd089fff-0cbf-4008-ba5e-3804e4663f43,3,processed,True,-1,4.339590506188056,1.0,42973,3,0
fe15e424-a582-40b9-91a1-298defda867a,3,processed,True,-1,222.29068210955822,1.0,68636,3,1
962d25ad-135b-465d-ac5e-744a54247879,3,processed,True,-1,59.38239342842414,1.0,26673,3,0
bf9192e5-43b9-4fd9-a75b-d67025c1efb4,3,processed,True,-1,134.67082434539546,1.0,67850,3,0
d80ad444-f921-4944-8472-8f0d807f4cd5,3,processed,True,-1,61.23105683458028,1.0,70134,3,1
01efb2af-d030-444c-b33a-002855eadc1b,3,processed,True,-1,10.462600326371643,1.0,31526,3,2
99af6352-3cce-4bf8-8cde-dacaea5ee701,3,processed,True,-1,321.3610877619718,1.0,32820,3,1
f419d8ed-fe5f-4ca0-8e6f-8e788965736f,3,processed,True,-1,80.11928981008573,1.0,30282,3,0
abfb5359-6a30-409c-b1fc-8511c00a89f5,3,processed,True,-1,36.64977699854204,1.0,69435,3,2
d5034a86-86e0-4ba0-a86a-8a1bbfef6047,3,processed,True,-1,65.00422805168286,1.0,39399,3,0
f203a75f-012a-410e-a1ed-97372e811bd8,3,processed,True,-1,317.48177437135865,1.0,63771,3,2
ebcb3857-1a23-4464-9ab9-15a99bc8106a,3,processed,True,-1,47.78147007795485,1.0,50628,3,1
4398a4f3-f4c9-49e3-a85f-5ce170817510,3,processed,True,-1,69.9480949254847,1.0,24655,3,0
19f23e83-48bf-432e-befb-5cd8eaf72b2d,3,processed,True,-1,85.90714534525411,1.0,28903,3,2
0146b1c5-6f23-4761-976e-6664368ffaad,3,processed,True,-1,7.2417591587203605,1.0,48513,3,1
c597d2e7-19b7-4575-af39-5a0adaacb00e,3,processed,True,-1,35.464461477229975,1.0,62933,3,1
99c1d8bd-4e35-482f-b3b2-dd64a9d49d55,3,processed,True,-1,214.74446430798412,1.0,61949,3,0
fc9c7c55-2086-4686-9ed2-9af1859b58b3,3,processed,True,-1,92.03772217511202,1.0,33176,3,0
d0a1a6c8-0178-4dc2-84e1-824dba4fee4f,3,processed,True,-1,5.107908423384169,1.0,48588,3,2
d3dfef1e-72c3-4b86-b6db-65a98ba01784,3,processed,True,-1,279.1276395055961,1.0,40280,3,0
84585f27-3149-489c-9e13-2857488959aa,3,processed,True,-1,9.604637712390739,1.0,62168,3,2
48b74c25-7b1b-43e7-a60c-29fed7f56d5a,3,processed,True,-1,171.5145758327648,1.0,64163,3,1
9626d5e6-9027-4fff-9807-8edc7bc419ae,3,processed,True,-1,127.62661004565719,1.0,64748,3,1
1fe1bf9c-20ca-4f5b-b806-d5068172e68b,3,processed,True,-1,90.77618550722124,1.0,25390,3,2
b6740e2f-f402-49ba-b6c7-bdb137ec7629,3,processed,True,-1,49.77229918739597,1.0,40189,3,0
8f7dc03c-e5d0-4272-adb4-257b9d9ebc8d,3,processed,True,-1,28.734635235272023,1.0,47505,3,2
49128c04-45e0-4649-a7f6-d75872eda635,3,processed,True,-1,329.07329262040565,1.0,45356,3,2
3d664a12-5388-4e86-bb41-3a1f3c780b0a,3,processed,True,-1,22.571739620025998,1.0,70912,3,0
7432ffa0-0b0a-442b-8775-7b4f344d069f,3,processed,True,-1,77.81109214900444,1.0,59797,3,1
ed2cc5fe-a702-4ed5-a94f-47302d622475,3,processed,True,-1,117.3829042429078,1.0,35887,3,2
c65ccfc2-a880-4e92-bf83-a08a0a41fc13,3,processed,True,-1,32.67236339386266,1.0,21349,3,2
6a28a75a-edb3-4f69-a507-2c741361f3d7,3,processed,True,-1,71.75325383898192,1.0,24482,3,2
3dd46a83-817f-42d0-8aff-f1ded082743d,3,processed,True,-1,174.90456737467315,1.0,39921,3,1
5a29da8e-7ae5-42a0-8f56-ec8aeec41850,3,processed,True,-1,38.35751364673032,1.0,50468,3,1
e65fd2ac-ca10-4952-802c-bc126e0be0da,3,processed,True,-1,99.62963727942616,1.0,52023,3,0
aae3285f-d87a-45e0-8aa5-024dc20564e3,3,processed,True,-1,63.42752248950574,1.0,41811,3,1
110d9827-79a0-4de9-ac6d-cde5468d7105,3,processed,True,-1,41.64299942669932,1.0,47560,3,0
37641ae8-d2bd-475c-9654-9f2cd8682758,3,processed,True,-1,139.5222898580823,1.0,38170,3,2
7aef85cb-b6c7-44b6-858c-c20d99b48ba2,3,processed,True,-1,54.58391226129592,1.0,53674,3,0
dc2507ad-25cd-488a-adbe-54fd82ea2aa1,3,processed,True,-1,1.2168423110350355,1.0,67984,3,0
1011b59f-425e-42d6-ab9e-771dd599a325,3,processed,True,-1,17.65819950297789,1.0,37177,3,0
f8752367-f2fe-4aba-ad5b-4565036be476,3,processed,True,-1,42.17798530094906,1.0,23965,3,1
1cdfd307-8d7b-41f8-bff2-33dadaf5fd8d,3,processed,True,-1,87.94928696637434,1.0,39192,3,0
5374f470-9871-47b2-8957-0a44e7c6c907,3,processed,True,-1,30.309067964649966,1.0,60943,3,2
7f6d5d49-7f7a-42e0-967a-0c2a0f30a5f8,3,processed,True,-1,25.204904786897714,1.0,25758,3,1
b499be23-feee-4029-9d98-494df1573732,3,processed,True,-1,84.26732573824167,1.0,35032,3,2
0884d4fb-3a2b-4fc6-b037-79f6f347c256,3,processed,True,-1,32.808799800437555,1.0,69441,3,2
9e811e3f-6af3-4aeb-aaa8-45482d94cb0b,3,processed,True,-1,198.93861740737847,1.0,32906,3,2
cd3258d9-ebb7-4ded-98c8-e66c1d9d4ac0,3,processed,True,-1,43.09667618181173,1.0,41047,3,0
4ffdde29-74a8-4ddb-b3d1-79f42aaf1a14,3,processed,True,-1,17.190087217519,1.0,22575,3,0
d249b4c0-cb5d-4c43-89af-99244694649a,3,processed,True,-1,1.9781251857346707,1.0,34185,3,1
2d62c9b3-f954-4948-b2c6-4f464fb186e5,3,processed,True,-1,73.26888916529774,1.0,67323,3,1
28eb73c1-c28b-4cec-87ed-4269785e6146,3,processed,True,-1,3.2749286428694084,1.0,60553,3,0
21b23bb5-b8aa-4193-8e5a-2e11c0458d46,3,processed,True,-1,72.91963638956955,1.0,57631,3,2
3d3103a4-9ea4-48f0-8fe5-eb667f50b45d,3,processed,True,-1,1.6130533280065105,1.0,25037,3,1
951a4faa-aa89-452c-ad53-7d2066c92ff2,3,processed,True,-1,7.443695582875957,1.0,68501,3,2
125a1a32-51fd-4140-af0d-baa87bce2261,3,processed,True,-1,190.54555675984517,1.0,59939,3,1
ed069bd4-3d74-4e43-8078-2d46b8286130,3,processed,True,-1,103.34656208948275,1.0,63248,3,0
f5003bd6-b2fc-4242-ae42-0ed222274310,3,processed,True,-1,147.67443186204852,1.0,59166,3,0
71db7bb8-816a-4612-ae7a-fcf5737b1d94,3,processed,True,-1,33.06634981082609,1.0,49982,3,2
f80006a0-e043-4a4d-a335-5d51455c4289,3,processed,True,-1,140.15940363925694,1.0,34325,3,0
3c7c3360-1c3a-4eec-88ff-7cd48bce3433,3,processed,True,-1,38.90232578750778,1.0,47889,3,0
80592ece-10bf-4828-87b1-47670e8f259d,3,processed,True,-1,10.076967570879614,1.0,69940,3,0
52bfec8b-d943-4d3a-955e-11911c36ef35,3,processed,True,-1,22.780879445594522,1.0,55998,3,1
d578805d-c1e1-493a-9827-9ac80582406d,3,processed,True,-1,158.60964785790983,1.0,46865,3,0
03ed4fd2-fd00-496d-a62a-a810ab11b238,3,processed,True,-1,20.004903750243244,1.0,37138,3,0
b6cc851d-a4f0-4a4c-b53e-2c0af8959651,3,processed,True,-1,25.19206572815383,1.0,29437,3,0
86dcb211-eadb-4e2d-b889-eeaca72e72c6,3,processed,True,-1,37.1767233695129,1.0,35759,3,2
8cfa931c-8b54-4288-bc33-804d9a8d1602,3,processed,True,-1,20.152928187313275,1.0,60393,3,0
9d207860-ffdc-45f6-9e82-66715e2db7a2,3,processed,True,-1,185.5630124158817,1.0,66511,3,0
5f12d042-45a9-42c7-9853-cab03e8484c9,3,processed,True,-1,49.433720064272656,1.0,29382,3,2
f66e6dd7-10dd-4443-9710-a26a3b7ce5c5,3,processed,True,-1,146.5176810242607,1.0,53370,3,0
dfe1bf6e-85a2-40b7-a539-544a09b24c80,3,processed,True,-1,46.142295326360006,1.0,38591,3,0
3914e728-c270-4a9f-a9d6-88ab6af79053,3,processed,True,-1,4.10199751209323,1.0,42956,3,0
730df297-9348-4b46-a3aa-ffdea9a460c4,3,processed,True,-1,316.7161964428371,1.0,49646,3,1
4486993b-96e5-4696-86e6-5cae6c606fe1,3,processed,True,-1,28.96898212388893,1.0,59988,3,1
53429cfd-52a9-4446-a672-51a61acaa6c3,3,processed,True,-1,24.44425570431175,1.0,29595,3,1
c6099752-192a-4903-b215-da28a5777f00,3,processed,True,-1,70.15318670084262,1.0,24825,3,2
c0e143f6-4d97-4ce7-982e-36f2e326d2e9,3,processed,True,-1,169.021327338685,1.0,37921,3,1
1e75a1a1-38a0-4969-befe-209d467ee5b8,3,processed,True,-1,13.813778536997079,1.0,45352,3,0
1f0d644d-1572-4919-8dc3-9f025bf4970d,3,processed,True,-1,19.422171057151914,1.0,24050,3,2
da998533-5f71-4140-81c9-b9a9ce852af0,3,processed,True,-1,3.5632452827078103,1.0,70960,3,0
d661fa09-9932-49e2-aa51-f34eda36198f,3,processed,True,-1,63.679576143775776,1.0,46462,3,0
b2ac629d-0674-4cd6-bde6-f965dc2f2f8a,3,processed,True,-1,21.34715370340269,1.0,21621,3,2
30ccb262-af73-4a38-b3fa-dc339db3945b,3,processed,True,-1,103.26049877186946,1.0,52890,3,2
969af87b-06a1-47c2-8141-48f6a657c368,3,processed,True,-1,58.564387643318774,1.0,60861,3,0
78fc58da-d270-44b5-8f29-d72dcd7864f3,3,processed,True,-1,173.96131994050137,1.0,51141,3,0
7c902569-bbe5-4da7-a9c5-a34ce4e84886,3,processed,True,-1,99.59466248929299,1.0,22070,3,1
1436a69c-92bd-4253-bbb7-7ef2a558c17d,3,processed,True,-1,652.1212586196821,1.0,30568,3,0
bc381273-08f0-45e7-b1cb-6d71b9a5ffb8,3,processed,True,-1,38.6812554944587,1.0,36528,3,2
0706a3da-918f-4e48-a442-1ac66503607d,3,processed,True,-1,68.29719511182375,1.0,34583,3,2
2ffb5974-d799-4c35-92f8-cf51ea911b30,3,processed,True,-1,113.57842326131602,1.0,64488,3,1
74f5487b-a710-41d4-b6fd-2f01186c8788,3,processed,True,-1,102.98337011330096,1.0,30302,3,0
1a267007-2d19-4ac9-8a02-1ab74dd5c936,3,processed,True,-1,328.2819442489899,1.0,69525,3,2
4f8c5bb3-f51f-48f9-98d8-270eeec3aed0,3,processed,True,-1,115.82851443937854,1.0,26794,3,1
bb1ed846-f8d8-4595-8ba8-7322d400ad49,3,processed,True,-1,319.55458558432304,1.0,33785,3,0
7a0daefb-7d68-45ab-b517-b4b2c327fcb3,3,processed,True,-1,83.67371417779339,1.0,48237,3,2
445f2169-475a-4d46-b539-37e6fd651412,3,processed,True,-1,48.52142793925679,1.0,69404,3,0
01ab843a-464e-4608-ab5c-0534205bcee8,3,processed,True,-1,177.12664692942707,1.0,34112,3,0
01fb1a94-f23d-4931-bf9f-c68e9fd9a8dd,3,processed,True,-1,12.581259640204156,1.0,41679,3,2
861a57ad-f2f1-4ed0-af68-8f06bb1e49ee,3,processed,True,-1,70.94517877612968,1.0,26742,3,1
911465fb-66f4-49da-83da-01e19cf4562e,3,processed,True,-1,117.29828361441893,1.0,22526,3,1
ce7273b8-b969-4bcd-a1c4-52560f93d7a7,3,processed,True,-1,36.97824868104055,1.0,36474,3,0
e587bfb7-a0a3-4694-95e4-e836a1c77732,3,processed,True,-1,53.84070302768049,1.0,25913,3,0
76d8ca0b-6a96-4c75-aa4e-84ef660fa5c2,3,processed,True,-1,94.0204663386242,1.0,21874,3,1
25088625-8a28-4482-b38a-fddcfb2e33ec,3,processed,True,-1,72.28594193175967,1.0,43471,3,1
a07d5ab4-9600-44ed-9f8f-2cb5405be59e,3,processed,True,-1,61.774986519151675,1.0,37739,3,2
f81a4c35-8c28-4e09-a4a8-e455db338915,3,processed,True,-1,178.85694057495613,1.0,47809,3,2
660b33cf-8b04-49d6-a833-1fb09d3b8f5d,3,processed,True,-1,65.2659050453176,1.0,52698,3,1
41084394-5f41-4ec7-9b26-3cf43a54f431,3,processed,True,-1,26.326677317944817,1.0,63682,3,0
203d2c81-39b1-4fa9-a05f-f6fc1615192a,3,processed,True,-1,42.864992306428,1.0,22037,3,2
5538846b-09e5-4649-88b2-b23a6cb40908,3,processed,True,-1,21.487914573040438,1.0,21709,3,2
ce131bc4-8eb2-46e7-8de1-a3c993dbf12e,3,processed,True,-1,80.8749567114625,1.0,28632,3,1
5a1865b3-4b92-4cc0-9f06-d4d4222521ba,3,processed,True,-1,13.31776313936868,1.0,59628,3,2
2fd49da3-e99f-4966-b254-1fe99fceb85d,3,processed,True,-1,8.89717511325316,1.0,30684,3,0
b29a748b-3982-4e1b-944a-1664d63ef5f2,3,processed,True,-1,27.41832850787486,1.0,51263,3,1
4573698b-fbd1-45dc-b699-b33179bb5b60,3,processed,True,-1,29.123311770970993,1.0,48186,3,1
99eb12a6-a3bc-4825-a9f1-58cce9d011a1,3,processed,True,-1,34.826465160315166,1.0,54452,3,1
11b8c590-268b-4a59-8908-82b339dae18c,3,processed,True,-1,22.19314419249762,1.0,69235,3,2
bc5751ba-7cb9-4a50-9d6e-763d0ca46260,3,processed,True,-1,2.789264368065831,1.0,60935,3,2
d000ed49-9a68-47b2-86b8-57e7928fa079,3,processed,True,-1,169.13130513668315,1.0,34144,3,2
1a59fd5f-9319-4ec7-9875-2cbda7961175,3,processed,True,-1,101.7142031291725,1.0,68249,3,1
6365694d-06df-44e9-a940-99c51a5e0b03,3,processed,True,-1,17.03546111845554,1.0,62592,3,1
1dd1551c-76d4-4602-867d-2058dc9e80dd,3,processed,True,-1,140.90812379068666,1.0,52265,3,1
457663a8-8053-47de-8a24-818bc9e9227e,3,processed,True,-1,77.51171589005712,1.0,58399,3,0
903c9e99-82bf-4c29-817d-9877f8b3e9f9,3,processed,True,-1,180.6948113798218,1.0,22938,3,1
9a9cfb9b-37a3-4f56-949e-022e6e0351ed,3,processed,True,-1,190.67776349741453,1.0,45568,3,0
3b93b747-61e7-4f55-81a0-b8b2ca1d47b5,3,processed,True,-1,37.395975231071674,1.0,37742,3,2
0e3306a6-11af-43e8-b3ce-50803525a4ee,3,processed,True,-1,16.851532967692393,1.0,70111,3,1
786fb9d0-0c1f-4cb2-91ab-9fd1cc29cc94,3,processed,True,-1,63.60862314020604,1.0,21539,3,0
2a2f4bdc-622e-4b0d-87c4-ec4cc43ffae6,3,processed,True,-1,0.30948785380682003,1.0,62083,3,1
2dac8c1c-5405-4905-9a23-63db1a9c76fa,3,processed,True,-1,239.0522759914086,1.0,58741,3,0
ead47916-e17b-4b10-a3f5-afa30b51ee0c,3,processed,True,-1,300.3859626829151,1.0,66011,3,0
